School name,Community,Community of Schools,Cases among students and staff
"102ND ST EEC","South Los Angeles/Watts Community","Fremont Community of Schools",0
"107TH ST CSPP","","",0
"107TH ST EL","","",2
"107TH ST EL STEAM MAG","","",0
"109TH ST EL","Watts/Green Meadows Community","Achievement Network Community of Schools",0
"10TH ST EL","MacArthur Park Community","MacArthur Park Community of Schools",2
"112TH ST EEC","Watts/Green Meadows Community","Achievement Network Community of Schools",0
"112TH ST EL","","",0
"116TH ST EL","","",4
"116TH ST EL DTS","","",0
"118TH ST EL","South Los Angeles/Watts Community","Fremont Community of Schools",3
"118TH ST EL DTS","","",0
"122ND ST EL","","",3
"122ND ST EL DTS","","",0
"135TH ST EL","Gardena Community","Gardena Community of Schools",1
"135TH ST EL DTS","","",0
"153RD ST EL","","",1
"153RD ST EL DTS","","",0
"156TH ST EL","","",5
"15TH ST EL","San Pedro Community","San Pedro Community of Schools",3
"186TH ST CSPP","Gardena Community","Gardena Community of Schools",0
"186TH ST EL","","",2
"1ST ST EL","Boyle Heights Community","Boyle Heights Community of Schools",1
"1ST ST SPS","","",0
"20TH ST EL","Jefferson/South Central (West) Community","Jefferson/South Central (West) Community of Schools",0
"20TH ST EL DTS","","",1
"232ND PL EL","Carson Community","Carson Community of Schools",3
"232ND PL STEMM MAG","","",0
"24TH ST EEC","Manual Arts/Vermont Square Community","Manual Arts/Vermont Square Community of Schools",0
"24TH ST EL","","",6
"28TH ST EEC","Jefferson/South Central (West) Community","Jefferson/South Central (West) Community of Schools",0
"28TH ST EL","","",1
"28TH ST EL DOS","","",0
"2ND ST EL","Boyle Heights Community","Boyle Heights Community of Schools",1
"2ND ST EL DTS","","",0
"32ND ST USC PA MAG","Manual Arts/Vermont Square Community","Manual Arts/Vermont Square Community of Schools",0
"36TH ST EEC","LA Mid-City Community","LA Mid-City Community of Schools",0
"37TH ST EEC","Manual Arts/Vermont Square Community","Manual Arts/Vermont Square Community of Schools",0
"3RD ST EL","Fairfax Community","Fairfax Community of Schools",0
"3RD ST EL DTK","","",0
"3RD ST EL GIFTED MAG","","",0
"42ND ST EL","Baldwin Hills/Leimert Park Community","H.E.E.T. (C/D) Community of Schools",2
"42ND ST EL DWS","","",0
"49TH ST EL","Jefferson/South Central (East) Community","Historic Central Avenue Community of Schools",3
"4TH ST EEC","East Los Angeles Community","East Los Angeles Community of Schools",0
"4TH ST EL","","",2
"4TH ST PC","","",0
"4TH ST PC DTS","","",0
"52ND ST EL","South Mid-City Community","South Mid-City Community of Schools",0
"54TH ST EL","LA Mid-City Community","LA Mid-City Community of Schools",0
"59TH ST EL","Baldwin Hills/Leimert Park Community","H.E.E.T. (C/D) Community of Schools",1
"61ST ST CSPP","South Mid-City Community","South Mid-City Community of Schools",0
"61ST ST EL","","",0
"61ST ST EL DTS","","",0
"66TH ST EEC","Florence-Firestone/Watts Community","Rivera Community of Schools",0
"66TH ST EL","","",0
"6TH AVE EL","LA Mid-City Community","LA Mid-City Community of Schools",3
"6TH AVE EL DTS","","",0
"74TH ST EL","Baldwin Hills/Leimert Park Community","H.E.E.T. (C/D) Community of Schools",2
"74TH ST EL GIFTED MG","","",0
"75TH ST EEC","South Los Angeles/Watts Community","Fremont Community of Schools",0
"75TH ST EL","","",5
"75TH ST EL DTS","","",1
"7TH ST EL AI MAG","San Pedro Community","San Pedro Community of Schools",0
"92ND ST EL","Watts/Green Meadows Community","Achievement Network Community of Schools",3
"93RD ST EL","South Los Angeles/Watts Community","Fremont Community of Schools",0
"93RD ST EL DTS","","",0
"93RD ST EL STEAM MAG","","",0
"95TH ST EEC","Westmont/West Athens Community","H.E.E.T. (W) Community of Schools",0
"95TH ST EL","","",1
"96TH ST EL","Watts/Green Meadows Community","Achievement Network Community of Schools",0
"96TH ST EL DTS","","",0
"97TH ST EEC","South Los Angeles/Watts Community","Fremont Community of Schools",0
"99TH ST CSPP","Gardena Community","Gardena Community of Schools",0
"99TH ST EL","","",4
"9TH ST EL","Jefferson/South Central (West) Community","Jefferson/South Central (West) Community of Schools",1
"ACAD ENRICH SCI MAG","Reseda Community","Reseda Community of Schools",0
"ADAMS MS","Jefferson/South Central (West) Community","Jefferson/South Central (West) Community of Schools",0
"ADAMS MS GIFTED MAG","","",0
"ADDAMS HS","Granada Hills/Northridge Community","Kennedy/NAHS/VAAS Community of Schools",1
"AGGELER HS","Canoga Park/Chatsworth Community","Canoga Park/Chatsworth Community of Schools",0
"ALBION ST EEC","Lincoln Heights/El Sereno Community","Lincoln Heights/El Sereno Community of Schools",0
"ALBION ST EL","","",1
"ALDAMA EL","Eagle Rock/Highland Park Community","Eagle Rock/Highland Park Community of Schools",0
"ALDAMA EL DTS","","",0
"ALEXANDER SCS","Manual Arts/Vermont Square Community","Manual Arts/Vermont Square Community of Schools",0
"ALEXANDER SCS DTS","","",1
"ALEXANDRIA AV EL DTS","Downtown Community","Downtown Community of Schools",0
"ALEXANDRIA AVE EEC","","",0
"ALEXANDRIA AVE EL","","",3
"ALLESANDRO EL","Glassell Park/Los Feliz Community","Glassell Park/Los Feliz Community of Schools",2
"ALLESANDRO EL CL MAG","","",1
"ALLESANDRO SPS","","",0
"ALTA CAL GSTEAM MAG","North Hills/Panorama City Community","Monroe Community of Schools",0
"ALTA CALIFORNIA EL","","",0
"ALTA LOMA EL","LA Mid-City Community","LA Mid-City Community of Schools",0
"ALTA LOMA EL DTS","","",1
"AMANECER PC","East Los Angeles Community","East Los Angeles Community of Schools",0
"AMBLER AV GIFTED MAG","Carson Community","Carson Community of Schools",0
"AMBLER AVE EL","","",2
"AMBLER AVE EL DTS","","",0
"AMESTOY EL","Gardena Community","Gardena Community of Schools",2
"AMESTOY EL ML/MC MAG","","",0
"AMESTOY SPS","","",0
"ANATOLA AVE EL","Northridge/Reseda Community","Cleveland Community of Schools",2
"ANDASOL AVE EL","Granada Hills/Northridge Community","Kennedy/NAHS/VAAS Community of Schools",1
"ANDASOL AVE SPS","","",0
"ANGELES MESA EL","LA Mid-City Community","LA Mid-City Community of Schools",0
"ANGELES MSA DREAMS MG","","",3
"ANGELOU COMMUNITY SH","Jefferson/South Central (East) Community","Historic Central Avenue Community of Schools",2
"ANGEL'S GATE HS","San Pedro Community","San Pedro Community of Schools",0
"ANN ST EL","Lincoln Heights/El Sereno Community","Lincoln Heights/El Sereno Community of Schools",0
"ANNALEE AVE CSPP","Carson Community","Carson Community of Schools",0
"ANNALEE AVE EL","","",2
"ANNALEE AVE STEAM MAG","","",0
"ANNANDALE EL","Eagle Rock/Highland Park Community","Eagle Rock/Highland Park Community of Schools",0
"ANTON EEC","East Los Angeles Community","East Los Angeles Community of Schools",0
"ANTON EL","","",0
"ANTON EL DTS","","",0
"APPERSON ST EL","Sunland/Tujunga Community","Sunland/Tujunga Community of Schools",0
"ARAGON AVE EL","Glassell Park/Los Feliz Community","Glassell Park/Los Feliz Community of Schools",1
"ARLETA SH","Sun Valley Community","Sun Valley Community of Schools",2
"ARLINGTON HTS DTS","LA Mid-City Community","LA Mid-City Community of Schools",0
"ARLINGTON HTS EL","","",2
"ARMINTA ST EEC","Sun Valley Community","Sun Valley Community of Schools",0
"ARMINTA ST EL","","",2
"ARROYO SECO MUS/S MAG","Eagle Rock/Highland Park Community","Eagle Rock/Highland Park Community of Schools",1
"ASCOT AVE EL","Jefferson/South Central (East) Community","Historic Central Avenue Community of Schools",0
"ATWATER AVE EL","Glassell Park/Los Feliz Community","Glassell Park/Los Feliz Community of Schools",1
"ATWATER AVE EL DTS","","",0
"AUDUBON MS","Baldwin Hills/Leimert Park Community","H.E.E.T. (C/D) Community of Schools",2
"AUDUBON MS GIFTED MG","","",1
"AURORA EL","Jefferson/South Central (East) Community","Historic Central Avenue Community of Schools",3
"AURORA EL DTS","","",0
"AVALON GARDENS EL","Gardena Community","Gardena Community of Schools",5
"BACA ARTS ACA DTS","Florence-Firestone/Watts Community","Rivera Community of Schools",1
"BACA ARTS ACAD","","",0
"BAKEWELL PC","South Los Angeles/Watts Community","Fremont Community of Schools",0
"BALA","South Mid-City Community","South Mid-City Community of Schools",1
"BALBOA EL G/HG/HA MAG","Granada Hills/Northridge Community","Kennedy/NAHS/VAAS Community of Schools",5
"BALDWIN HILLS EL","Castle Heights Community","Hamilton Community of Schools",0
"BANCROFT GSTEAM MAG","Hollywood Community","Hollywood Community of Schools",0
"BANCROFT MS","","",0
"BANCROFT MS PA MG","","",1
"BANDINI ST EL","San Pedro Community","San Pedro Community of Schools",2
"BANDINI ST EL DTS","","",0
"BANNEKER CTC","Gardena Community","Gardena Community of Schools",0
"BANNING PA MAG","Wilmington Community","Wilmington Community of Schools",0
"BANNING SH","","",9
"BANNING SH CP MAG","","",0
"BANNING SH FF MAG","","",3
"BANNING SH STEAM MAG","","",2
"BARRETT EL","South Los Angeles/Watts Community","Fremont Community of Schools",0
"BARRETT EL DTS","","",0
"BARTON HILL CSPP","San Pedro Community","San Pedro Community of Schools",0
"BARTON HILL EL","","",0
"BARTON HILL MSTEAM MG","","",0
"BASSETT EL MAT MAG","Reseda Community","Reseda Community of Schools",2
"BASSETT ST EL","","",4
"BASSETT ST EL DTS"," Community"," Community of Schools",0
"BEACHY AVE CSPP","Sun Valley Community","Sun Valley Community of Schools",0
"BEACHY AVE EL","","",5
"BECKFORD CES","Canoga Park/Chatsworth Community","Canoga Park/Chatsworth Community of Schools",3
"BEETHOVEN ST EL","Venice Community","Venice Community of Schools",0
"BELL AC2T"," Community"," Community of Schools",0
"BELL GIFTED/STEM MAG","Bell/Cudahy/Maywood Community","Bell/Cudahy/Maywood Community of Schools",0
"BELL SH","","",7
"BELLINGHAM EL","North Hollywood/Valley Village Community","North Hollywood/Valley Village Community of Schools",0
"BELMONT SH","Downtown Community","Downtown Community of Schools",0
"BELVEDERE EL","East Los Angeles Community","East Los Angeles Community of Schools",0
"BELVEDERE MS","","",2
"BELVEDERE MS M/C MAG","","",0
"BELVEDERE MS STEAM MG","","",0
"BERENDO MS","Koreatown/Pico Union Community","Kreatwn/PcoUnion Community of Schools",2
"BERNSTEIN SH","Hollywood Community","Hollywood Community of Schools",3
"BERNSTEIN SH CA/CT MG","","",0
"BERNSTEIN SH STEM","","",2
"BERTRAND AVE EL","Reseda Community","Reseda Community of Schools",3
"BETHUNE MS","South Los Angeles/Watts Community","Fremont Community of Schools",4
"BETHUNE MS STM MAG","","",0
"BIRMINGHAM CHS"," Community"," Community of Schools",0
"BLDWN HLS GIFTED MAG","Castle Heights Community","Hamilton Community of Schools",3
"BLYTHE ST EL","Northridge/Reseda Community","Cleveland Community of Schools",1
"BONITA ST EL","Carson Community","Carson Community of Schools",3
"BOYLE HEIGHTS HS","Boyle Heights Community","Boyle Heights Community of Schools",0
"BOYLE HTS STEM MAG","","",0
"BRADDOCK DR CSPP","Venice Community","Venice Community of Schools",0
"BRADDOCK DR EL","","",2
"BRADDOCK DR EL DTM","","",0
"BRADDOCK GIFTED MAG","","",0
"BRADLEY EEC","Florence-Firestone/Watts Community","Rivera Community of Schools",0
"BRADLEY GLBL AWR MAG","Baldwin Hills/Leimert Park Community","H.E.E.T. (C/D) Community of Schools",2
"BRAINARD EL","Sunland/Tujunga Community","Sunland/Tujunga Community of Schools",0
"BRAVO SH MEDICAL MAG","Lincoln Heights/El Sereno Community","Lincoln Heights/El Sereno Community of Schools",1
"BREED ST EL","Boyle Heights Community","Boyle Heights Community of Schools",0
"BRENTWOOD EL SCI MAG","West LA Community","West LA Community of Schools",0
"BRIDGE ST EL","Boyle Heights Community","Boyle Heights Community of Schools",0
"BRIDGES SCHOOL","Wilmington Community","Wilmington Community of Schools",9
"BRIGHT EL","LA Mid-City Community","LA Mid-City Community of Schools",3
"BROAD AVE CSPP","Wilmington Community","Wilmington Community of Schools",0
"BROAD AVE EL","","",5
"BROAD AVE EL DTS","","",1
"BROADACRES AV EL","Carson Community","Carson Community of Schools",5
"BROADACRES VAPA MAG","","",0
"BROADOUS EEC","San Fernando Valley/Sylmar Community","San Fernando Valley/Sylmar Community of Schools",0
"BROADOUS EL","","",2
"BROADOUS EL STM MAG","","",1
"BROADWAY EL","Venice Community","Venice Community of Schools",0
"BROADWAY EL DTM","","",1
"BROADWAY EL DTS","","",0
"BROCKTON AVE EL","West LA Community","West LA Community of Schools",0
"BROOKLYN AVE EEC","East Los Angeles Community","East Los Angeles Community of Schools",0
"BROOKLYN AVE EL","","",1
"BRYSON AV EL STM MAG","South Gate Community","South Gate Community of Schools",3
"BRYSON AVE EL","","",1
"BUCHANAN EL DLC SP","Eagle Rock/Highland Park Community","Eagle Rock/Highland Park Community of Schools",0
"BUCHANAN EL STM MAG","","",1
"BUCHANAN ST EL","","",0
"BUDLONG AVE EL","South Mid-City Community","South Mid-City Community of Schools",1
"BURBANK BLVD EL","North Hollywood/Valley Village Community","North Hollywood/Valley Village Community of Schools",0
"BURBANK BLVD SPS","","",0
"BURBANK GIFTED/GL MG","","",1
"BURBANK MS A/T/C MAG","Eagle Rock/Highland Park Community","Eagle Rock/Highland Park Community of Schools",0
"BURBANK MS PA MAG","","",0
"BURKE HS","Panorama City Community","Panorama City Community of Schools",1
"BURROUGHS GIFTED MAG","Fairfax Community","Fairfax Community of Schools",7
"BURROUGHS MS","","",8
"BURTON ST EL","Panorama City Community","Panorama City Community of Schools",0
"BUSHNELL WAY CSPP","Eagle Rock/Highland Park Community","Eagle Rock/Highland Park Community of Schools",0
"BUSHNELL WAY DTS","","",0
"BUSHNELL WAY EL","","",0
"BYRD MS","Sun Valley Community","Sun Valley Community of Schools",5
"BYRD MS STM MAG","","",0
"CABRILLO AVE EEC","San Pedro Community","San Pedro Community of Schools",0
"CABRILLO AVE EL","","",7
"CABRILLO EL STEAM MG","","",1
"CAHUENGA EL","Koreatown/Pico Union Community","Kreatwn/PcoUnion Community of Schools",0
"CAHUENGA EL DOS","","",0
"CAHUENGA EL DTK","","",1
"CALABASH CA","Woodland Hills Community","Taft Community of Schools",5
"CALAHAN ST EL","Northridge/Reseda Community","Cleveland Community of Schools",2
"CALVERT CES","Woodland Hills Community","Taft Community of Schools",1
"CALVERT SPS","","",0
"CAMELLIA AVE EL","North Hollywood/Valley Village Community","North Hollywood/Valley Village Community of Schools",1
"CAMELLIA EL DTS","","",0
"CANFIELD AVE EL","Castle Heights Community","Hamilton Community of Schools",2
"CANOGA PARK EEC","Canoga Park/Chatsworth Community","Canoga Park/Chatsworth Community of Schools",0
"CANOGA PARK EL","","",3
"CANOGA PRK SH","","",0
"CANOGA PRK SH CAM MG","","",0
"CANOGA PRK SH EEVS MG","","",0
"CANTARA EL VAPA MAG","Northridge/Reseda Community","Cleveland Community of Schools",1
"CANTARA ST EL","","",0
"CANTERBURY AVE EL","Sun Valley Community","Sun Valley Community of Schools",3
"CANTERBURY GIFTED MAG","","",0
"CANYON CEL","West LA Community","West LA Community of Schools",2
"CAPISTRANO AVE EL","Canoga Park/Chatsworth Community","Canoga Park/Chatsworth Community of Schools",0
"CAPISTRANO SPS","","",0
"CARDENAS EL","Van Nuys/Valley Glen Community","Van Nuys/Valley Glen Community of Schools",3
"CARDENAS EL CSPP","","",0
"CARLSON HOSPITAL","North Hollywood/Valley Village Community","North Hollywood/Valley Village Community of Schools",0
"CARNEGIE MS","Carson Community","Carson Community of Schools",0
"CARNEGIE MS MED MAG","","",1
"CAROLDALE LC","","",0
"CARPENTER COMM CHTR","North Hollywood/Valley Village Community","North Hollywood/Valley Village Community of Schools",3
"CARSON ACAD ED & EMP","Carson Community","Carson Community of Schools",2
"CARSON ACAD MED ARTS","","",1
"CARSON SH","","",4
"CARSON SH MEDIA MAG","","",2
"CARSON ST EL","","",1
"CARSON-GORE ACADEMY","LA Mid-City Community","LA Mid-City Community of Schools",2
"CARSON-GORE DTS","","",0
"CARTHAY EL ES MAG","Castle Heights Community","Hamilton Community of Schools",1
"CARVER MS","Jefferson/South Central (East) Community","Historic Central Avenue Community of Schools",0
"CASTELAR ST EEC","Downtown Community","Downtown Community of Schools",0
"CASTELAR ST EL","","",0
"CASTELAR ST EL DTM","","",0
"CASTLE HTS EL","Castle Heights Community","Hamilton Community of Schools",0
"CASTLE HTS EL DWS","","",0
"CASTLEBAY LN CHTR","Granada Hills/Northridge Community","Kennedy/NAHS/VAAS Community of Schools",0
"CASTRO MS","Downtown Community","Downtown Community of Schools",0
"CATSKILL AVE EL","Carson Community","Carson Community of Schools",1
"CATSKILL AVE EL DTS","","",0
"CDS AGGELER","Canoga Park/Chatsworth Community","Canoga Park/Chatsworth Community of Schools",0
"CDS ALONZO","Hollywood Community","Hollywood Community of Schools",0
"CDS JOHNSON","South Los Angeles/Watts Community","Fremont Community of Schools",0
"CDS JOHNSTON","Harbor City/Lomita Community","Harbor City/Lomita Community of Schools",2
"CDS LONDON","Van Nuys/Valley Glen Community","Van Nuys/Valley Glen Community of Schools",1
"CDS TRI-C","Downtown Community","Downtown Community of Schools",0
"CDS WEST HOLLYWOOD","Fairfax Community","Fairfax Community of Schools",0
"CENTRAL HS","Downtown Community","Downtown Community of Schools",0
"CENTURY PARK EL","South Mid-City Community","South Mid-City Community of Schools",3
"CHANDLER EL","Van Nuys/Valley Glen Community","Van Nuys/Valley Glen Community of Schools",1
"CHAPMAN EL","Gardena Community","Gardena Community of Schools",0
"CHAPMAN EL DTM","","",0
"CHARNOCK ROAD EL","Castle Heights Community","Hamilton Community of Schools",1
"CHASE ST EEC","North Hills/Panorama City Community","Monroe Community of Schools",0
"CHASE ST EL","","",2
"CHATSWORTH CHS","Canoga Park/Chatsworth Community","Canoga Park/Chatsworth Community of Schools",3
"CHATSWORTH GSTEAM MG","","",0
"CHATSWORTH UP/CD MAG","","",2
"CHAVEZ EL","Lincoln Heights/El Sereno Community","Lincoln Heights/El Sereno Community of Schools",0
"CHAVEZ LA ARTES MAG","San Fernando Valley/Sylmar Community","San Fernando Valley/Sylmar Community of Schools",2
"CHAVEZ LA ASE","","",0
"CHAVEZ LA SJ HUM AC","","",1
"CHAVEZ LA TECH PREP","","",3
"CHEREMOYA AVE EL","Hollywood Community","Hollywood Community of Schools",0
"CHEREMOYA AVE SPS","","",0
"CHEVIOT HILLS HS","Castle Heights Community","Hamilton Community of Schools",0
"CIENEGA EL","LA Mid-City Community","LA Mid-City Community of Schools",0
"CIENEGA EL DTS","","",1
"CIMARRON AVE EL","South Mid-City Community","South Mid-City Community of Schools",0
"CIMARRON EL STEAM MAG","","",3
"CITY OF ANGELS","Lincoln Heights/El Sereno Community","Lincoln Heights/El Sereno Community of Schools",0
"CITY OF ANGELS VA #1"," Community"," Community of Schools",0
"CITY TERRACE DTM","Lincoln Heights/El Sereno Community","Lincoln Heights/El Sereno Community of Schools",0
"CITY TERRACE EL","","",0
"CLEVELAND CHS","Northridge/Reseda Community","Cleveland Community of Schools",6
"CLEVELAND CHS HUM MG","","",3
"CLEVELAND EEC","","",0
"CLEVELAND GMS MAG","","",1
"CLEVELAND INFANT CTR","","",0
"CLIFFORD ST M/T MAG","Glassell Park/Los Feliz Community","Glassell Park/Los Feliz Community of Schools",2
"CLINTON MS","Jefferson/South Central (West) Community","Jefferson/South Central (West) Community of Schools",0
"CLOVER AVE EL","Castle Heights Community","Hamilton Community of Schools",0
"COCHRAN MS","LA Mid-City Community","LA Mid-City Community of Schools",1
"COEUR D ALENE AVE EL","Venice Community","Venice Community of Schools",2
"COHASSET ST EL","North Hills/Panorama City Community","Monroe Community of Schools",0
"COHASSET ST EL DOS","","",1
"COLDWATER CYN DTS","Van Nuys/Valley Glen Community","Van Nuys/Valley Glen Community of Schools",0
"COLDWATER CYN EL","","",3
"COLFAX CEL","North Hollywood/Valley Village Community","North Hollywood/Valley Village Community of Schools",0
"COLISEUM ST CSPP","South Mid-City Community","South Mid-City Community of Schools",0
"COLISEUM ST EL","","",1
"COLLINS EEC","","",0
"COLUMBUS AVE EL","Van Nuys/Valley Glen Community","Van Nuys/Valley Glen Community of Schools",5
"COLUMBUS MS","Canoga Park/Chatsworth Community","Canoga Park/Chatsworth Community of Schools",0
"COLUMBUS MS MAC MAG","Van Nuys/Valley Glen Community","Van Nuys/Valley Glen Community of Schools",0
"COLUMBUS MS MMS MAG","Canoga Park/Chatsworth Community","Canoga Park/Chatsworth Community of Schools",0
"COMMONWLTH AV GAT MG","MacArthur Park Community","MacArthur Park Community of Schools",0
"COMMONWLTH AVE EL","","",0
"COMMUNITY EL MAG CS","West LA Community","West LA Community of Schools",0
"COMPTON AVE EL","Watts/Green Meadows Community","Achievement Network Community of Schools",2
"CONTRERAS LC ALC","MacArthur Park Community","MacArthur Park Community of Schools",1
"CONTRERAS LC BUS TR","","",2
"CONTRERAS LC GLBL ST","","",1
"CONTRERAS LC SOC JUS","","",2
"CORONA AVE EL","Bell/Cudahy/Maywood Community","Bell/Cudahy/Maywood Community of Schools",1
"CORONA AVE EL PKFLP","","",0
"CORTINES SCH OF VAPA","Downtown Community","Downtown Community of Schools",2
"COUGHLIN EL","Sun Valley Community","Sun Valley Community of Schools",0
"COUGHLIN SPS","","",0
"COWAN AVE EL","Westchester Community","Westchester Community of Schools",0
"COWAN AVE EL DWS","","",0
"COWAN GIFTED/IH MAG","","",0
"CRENSHAW ARTS TECH"," Community"," Community of Schools",0
"CRENSHAW MAG STEMM","Baldwin Hills/Leimert Park Community","H.E.E.T. (C/D) Community of Schools",3
"CRESCENT HTS BL EEC","Castle Heights Community","Hamilton Community of Schools",0
"CRESCENT HTS BL EL MG","","",2
"CRESTWOOD ST STEAM MG","San Pedro Community","San Pedro Community of Schools",4
"CRUZ EEC","MacArthur Park Community","MacArthur Park Community of Schools",0
"CTC - WEST","Venice Community","Venice Community of Schools",0
"CURTISS MS","Carson Community","Carson Community of Schools",2
"CURTISS MS STEAM MAG","","",1
"DACOTAH EEC","Boyle Heights Community","Boyle Heights Community of Schools",0
"DAHLIA HTS EL","Eagle Rock/Highland Park Community","Eagle Rock/Highland Park Community of Schools",1
"DANA MS","San Pedro Community","San Pedro Community of Schools",5
"DANA MS STEAM MAG","","",3
"DANUBE AVE EL","Granada Hills/Northridge Community","Kennedy/NAHS/VAAS Community of Schools",1
"DARBY AVE EL","","",4
"DAYTON EEC","Glassell Park/Los Feliz Community","Glassell Park/Los Feliz Community of Schools",3
"DAYTON HEIGHTS EL","","",1
"DAYTON HEIGHTS UES MG","","",0
"DBM","Downtown Community","Downtown Community of Schools",4
"DE LA TORRE JR EL","Wilmington Community","Wilmington Community of Schools",1
"DE LA TORRE JR LAUP","","",0
"DE LA TORRE STEAM MG","","",0
"DEARBORN EL CA","North Hills/Panorama City Community","Monroe Community of Schools",2
"DEL AMO EL","Carson Community","Carson Community of Schools",0
"DEL OLMO EL","Downtown Community","Downtown Community of Schools",2
"DELEVAN DRIVE EL","Eagle Rock/Highland Park Community","Eagle Rock/Highland Park Community of Schools",0
"DENA EL","Boyle Heights Community","Boyle Heights Community of Schools",0
"DENKER AVE EL","Gardena Community","Gardena Community of Schools",4
"DENKER AVE EL DTK","","",0
"DIXIE CYN CC","Van Nuys/Valley Glen Community","Van Nuys/Valley Glen Community of Schools",2
"DODSON MS","San Pedro Community","San Pedro Community of Schools",1
"DODSON MS GIFTED MAG","","",5
"DODSON MS VAPA MAG","","",1
"DOLORES ST EEC","Carson Community","Carson Community of Schools",0
"DOLORES ST EL","","",3
"DOMINGUEZ EL","","",1
"DOMINGUEZ EL DTS","","",3
"DORRIS PLACE EL","Glassell Park/Los Feliz Community","Glassell Park/Los Feliz Community of Schools",1
"DORRIS PLACE SPS","","",0
"DORSEY SH","Baldwin Hills/Leimert Park Community","H.E.E.T. (C/D) Community of Schools",3
"DORSEY SH FEMS MAG","","",0
"DORSEY SH STM MAG","","",0
"DORSEY SM/L MAG","","",0
"DOWNTOWN CS/DMA/E MG","Downtown Community","Downtown Community of Schools",0
"DREW MS","Florence-Firestone/Watts Community","Rivera Community of Schools",2
"DREW MS GIFTED MAG","","",0
"DREW MS UP PBLC SRVC","","",0
"DYER ST EL","San Fernando Valley/Sylmar Community","San Fernando Valley/Sylmar Community of Schools",6
"DYMALLY SH","Florence-Firestone/Watts Community","Rivera Community of Schools",3
"DYMALLY SH BMS/R MAG","","",0
"EAGLE ROCK EL","Eagle Rock/Highland Park Community","Eagle Rock/Highland Park Community of Schools",2
"EAGLE ROCK EL HG MAG","","",0
"EAGLE ROCK HS","","",2
"EAGLE TREE CONTN HS","Carson Community","Carson Community of Schools",0
"EARHART HS","North Hollywood/Valley Village Community","North Hollywood/Valley Village Community of Schools",1
"EARLY COLLEGE ACAD","Jefferson/South Central (West) Community","Jefferson/South Central (West) Community of Schools",0
"EAST VALLEY SH","North Hollywood/Valley Village Community","North Hollywood/Valley Village Community of Schools",1
"EASTMAN AVE EEC","East Los Angeles Community","East Los Angeles Community of Schools",0
"EASTMAN AVE EL","","",0
"EASTMAN AVE EL DTS&D","","",0
"EASTSIDE LC AC2T"," Community"," Community of Schools",0
"EDISON MS","Florence-Firestone/Watts Community","Rivera Community of Schools",1
"EGL RCK EL GIFTED MG","Eagle Rock/Highland Park Community","Eagle Rock/Highland Park Community of Schools",0
"EGL RCK HS GIFTED MG","","",1
"EINSTEIN HS","North Hills/Panorama City Community","Monroe Community of Schools",0
"EL DORADO AVE EL","San Fernando Valley/Sylmar Community","San Fernando Valley/Sylmar Community of Schools",3
"EL ORO WAY CES","Granada Hills/Northridge Community","Kennedy/NAHS/VAAS Community of Schools",0
"EL SERENO EEC","Lincoln Heights/El Sereno Community","Lincoln Heights/El Sereno Community of Schools",0
"EL SERENO EL","","",0
"EL SERENO GIFTED MAG","","",0
"EL SERENO MS","","",0
"EL SERENO MS ESH MAG","","",1
"EL SERENO SPS","","",0
"EL SERENO STM MAG","","",0
"ELA OCC CENTER AC2T"," Community"," Community of Schools",0
"ELA OCC CTR","","",1
"ELA SKILLS CTR AC2T","","",0
"ELEMENTARY CDS","South Mid-City Community","South Mid-City Community of Schools",0
"ELIZABETH LC","Bell/Cudahy/Maywood Community","Bell/Cudahy/Maywood Community of Schools",1
"ELIZABETH LC DTA","","",0
"ELLINGTON HS","Westmont/West Athens Community","H.E.E.T. (W) Community of Schools",0
"ELYSIAN HTS ARTS MAG","Glassell Park/Los Feliz Community","Glassell Park/Los Feliz Community of Schools",1
"EMELITA ST EL","Reseda Community","Reseda Community of Schools",3
"EMERSON CC","West LA Community","West LA Community of Schools",0
"ENADIA WAY","Canoga Park/Chatsworth Community","Canoga Park/Chatsworth Community of Schools",0
"ENCINO CEL","Woodland Hills Community","Taft Community of Schools",0
"ERWIN EL","Van Nuys/Valley Glen Community","Van Nuys/Valley Glen Community of Schools",2
"ESCALANTE EEC","Bell/Cudahy/Maywood Community","Bell/Cudahy/Maywood Community of Schools",1
"ESCALANTE EL","","",2
"ESCUTIA CSPP","","",0
"ESCUTIA PC","","",0
"ESHELMAN AVE EL","Harbor City/Lomita Community","Harbor City/Lomita Community of Schools",1
"ESPERANZA EL","MacArthur Park Community","MacArthur Park Community of Schools",0
"ESTRELLA EEC","Jefferson/South Central (East) Community","Historic Central Avenue Community of Schools",0
"ESTRELLA EL","","",0
"EUCLID AVE EL","Boyle Heights Community","Boyle Heights Community of Schools",1
"EUCLID AVE EL DTS","","",4
"EUCLID EL GSTEAM MAG","","",0
"EVANS CAS"," Community"," Community of Schools",0
"EVERGREEN AVE EEC","Boyle Heights Community","Boyle Heights Community of Schools",1
"EVERGREEN AVE EL","","",4
"EVERGREEN HS","San Fernando Valley/Sylmar Community","San Fernando Valley/Sylmar Community of Schools",1
"FAIR AVE EEC","North Hollywood/Valley Village Community","North Hollywood/Valley Village Community of Schools",0
"FAIR AVE EL","","",3
"FAIRBURN AVE EL","West LA Community","West LA Community of Schools",2
"FAIRFAX SH","Fairfax Community","Fairfax Community of Schools",0
"FAIRFAX SH PA MAG","","",2
"FAIRFAX SH VA MAG","","",0
"FARMDALE EL","Lincoln Heights/El Sereno Community","Lincoln Heights/El Sereno Community of Schools",0
"FARMDALE EL DOS","","",0
"FERNANGELES DTS&DOS","Sun Valley Community","Sun Valley Community of Schools",0
"FERNANGELES EL","","",1
"FERNANGELES SPS","","",0
"FIGUEROA ST EL","Gardena Community","Gardena Community of Schools",5
"FISHBURN AVE EL","Bell/Cudahy/Maywood Community","Bell/Cudahy/Maywood Community of Schools",0
"FISHBURN AVE EL DTS","","",0
"FLEMING MS","Harbor City/Lomita Community","Harbor City/Lomita Community of Schools",6
"FLEMING MS STM MAG","","",0
"FLETCHER DR EL","Glassell Park/Los Feliz Community","Glassell Park/Los Feliz Community of Schools",0
"FLETCHER DR STEAM MG","","",0
"FLORENCE AVE EL","Huntington Park/Vernon Community","Huntington Park/Vernon Community of Schools",1
"FLORENCE AVE EL DTS","","",0
"FLOURNOY EL","Watts/Green Meadows Community","Achievement Network Community of Schools",0
"FLOURNOY EL DTS","","",0
"FLOURNOY EL STEAM MAG","","",0
"FORD BLVD EL","East Los Angeles Community","East Los Angeles Community of Schools",3
"FORD BLVD EL DTS","","",0
"FOSHAY LC","Manual Arts/Vermont Square Community","Manual Arts/Vermont Square Community of Schools",2
"FRANKLIN AVE EL","Glassell Park/Los Feliz Community","Glassell Park/Los Feliz Community of Schools",0
"FRANKLIN CAS AC2T"," Community"," Community of Schools",0
"FRANKLIN HS","Eagle Rock/Highland Park Community","Eagle Rock/Highland Park Community of Schools",2
"FRANKLIN HS DLA MAG","","",0
"FRANKLIN SH STM MAG","","",0
"FREMONT CAS AC2T"," Community"," Community of Schools",0
"FREMONT SH","South Los Angeles/Watts Community","Fremont Community of Schools",4
"FREMONT SH STEAM MAG","","",0
"FRIEDMAN OCC CTR"," Community"," Community of Schools",0
"FRIES AVE EL","Wilmington Community","Wilmington Community of Schools",0
"FROST MS","Granada Hills/Northridge Community","Kennedy/NAHS/VAAS Community of Schools",5
"FROST MS GMC MAG","","",0
"FROST MS STEAM MAG","","",2
"FULLBRIGHT AVE CSPP","Northridge/Reseda Community","Cleveland Community of Schools",0
"FULLBRIGHT AVE EL","","",1
"FULLBRIGHT AVE EL DT","","",0
"FULTON COLLEGE PREP","Panorama City Community","Panorama City Community of Schools",3
"FULTON CP CAM MAG","","",0
"GAGE MS","Huntington Park/Vernon Community","Huntington Park/Vernon Community of Schools",2
"GAGE MS STM MAG","","",0
"GAL KING SCH FOR STEM","LA Mid-City Community","LA Mid-City Community of Schools",0
"GARCETTI LA","Florence-Firestone/Watts Community","Rivera Community of Schools",0
"GARDEN GROVE EL","Reseda Community","Reseda Community of Schools",4
"GARDENA EEC","Gardena Community","Gardena Community of Schools",1
"GARDENA EL","","",0
"GARDENA EL DTS","","",0
"GARDENA SH","","",2
"GARDENA SH GB MAG","","",0
"GARDENA SH L/PS MAG","","",0
"GARDNER ST EL","Hollywood Community","Hollywood Community of Schools",0
"GARDNER ST SPS","","",0
"GARFIELD SH","East Los Angeles Community","East Los Angeles Community of Schools",4
"GARFIELD SH COSCI MG","","",0
"GARVANZA EL T/L MAG","Eagle Rock/Highland Park Community","Eagle Rock/Highland Park Community of Schools",0
"GARZA PC","Boyle Heights Community","Boyle Heights Community of Schools",0
"GATES ST EEC","Lincoln Heights/El Sereno Community","Lincoln Heights/El Sereno Community of Schools",0
"GATES ST EL","","",0
"GATES ST EL DTM","","",0
"GATES ST EL DTS","","",0
"GATES ST SPS","","",0
"GAULT ST CSPP","Reseda Community","Reseda Community of Schools",0
"GAULT ST EL","","",3
"GERMAIN ACAD AA","Canoga Park/Chatsworth Community","Canoga Park/Chatsworth Community of Schools",1
"GLASSELL PARK EEC","Glassell Park/Los Feliz Community","Glassell Park/Los Feliz Community of Schools",0
"GLASSELL PK STEAM MAG","","",1
"GLEDHILL EL STM MAG","North Hills/Panorama City Community","Monroe Community of Schools",2
"GLEDHILL ST EEC","","",0
"GLEDHILL ST EL","","",0
"GLEN ALTA EL","Lincoln Heights/El Sereno Community","Lincoln Heights/El Sereno Community of Schools",1
"GLENFELIZ BLVD EEC","Glassell Park/Los Feliz Community","Glassell Park/Los Feliz Community of Schools",0
"GLENFELIZ BLVD EL","","",2
"GLENWOOD EL","Sun Valley Community","Sun Valley Community of Schools",1
"GOMPERS MS","Watts/Green Meadows Community","Achievement Network Community of Schools",2
"GOMPERS MS STEAM MAG","","",0
"GOMPERS MS UP MED MAG","","",0
"GRAHAM EEC","Florence-Firestone/Watts Community","Rivera Community of Schools",0
"GRAHAM EL","","",7
"GRAHAM EL DTS","","",0
"GRANADA EL","Granada Hills/Northridge Community","Kennedy/NAHS/VAAS Community of Schools",3
"GRANADA HILLS CHT"," Community"," Community of Schools",0
"GRANADA SPS","Granada Hills/Northridge Community","Kennedy/NAHS/VAAS Community of Schools",0
"GRAND VIEW BLVD EL D","Venice Community","Venice Community of Schools",2
"GRAND VW BL EL","","",1
"GRANT EEC","Hollywood Community","Hollywood Community of Schools",0
"GRANT EL","","",11
"GRANT EL DTR","","",0
"GRANT SH","Van Nuys/Valley Glen Community","Van Nuys/Valley Glen Community of Schools",1
"GRANT SH CP/DA MAG","","",2
"GRANT SH HUM/IS MAG","","",3
"GRAPE ST EL","South Los Angeles/Watts Community","Fremont Community of Schools",1
"GRATTS EEC","MacArthur Park Community","MacArthur Park Community of Schools",0
"GRATTS LA FOR YS","","",6
"GRATTS LA FOR YS DOS","","",1
"GREY HS","Reseda Community","Reseda Community of Schools",0
"GRIDLEY ST EL","San Fernando Valley/Sylmar Community","San Fernando Valley/Sylmar Community of Schools",0
"GRIDLEY ST EL DTS","","",1
"GRIFFIN AVE EL","Lincoln Heights/El Sereno Community","Lincoln Heights/El Sereno Community of Schools",0
"GRIFFITH JNR VAPA MG","South Los Angeles/Watts Community","Fremont Community of Schools",0
"GRIFFITH JOYNER EL","","",0
"GRIFFITH MS STEAM MG","East Los Angeles Community","East Los Angeles Community of Schools",4
"GULF AVE EL","Wilmington Community","Wilmington Community of Schools",1
"GULF AVE EL STEAM MAG","","",0
"HADDON AV EL STEAM MG","San Fernando Valley/Sylmar Community","San Fernando Valley/Sylmar Community of Schools",0
"HADDON AVE CSPP","","",0
"HADDON AVE EEC","","",0
"HADDON AVE EL","","",0
"HALE CA","Woodland Hills Community","Taft Community of Schools",6
"HALE CA VAPA MAG","","",0
"HALE GIFTED/STEAM MG","","",1
"HALLDALE EL","Harbor City/Lomita Community","Harbor City/Lomita Community of Schools",2
"HAMASAKI MED/SCI MAG","East Los Angeles Community","East Los Angeles Community of Schools",1
"HAMASAKI SPS","","",0
"HAMILTON SH","Castle Heights Community","Hamilton Community of Schools",3
"HAMILTON SH HUMAN MG","","",2
"HAMILTON SH MUS PA MG","","",3
"HAMLIN CA","Canoga Park/Chatsworth Community","Canoga Park/Chatsworth Community of Schools",1
"HANCOCK PARK EL","Fairfax Community","Fairfax Community of Schools",0
"HARBOR CITY EL","Harbor City/Lomita Community","Harbor City/Lomita Community of Schools",3
"HARBOR OCC CTR"," Community"," Community of Schools",2
"HARDING ST EL","San Fernando Valley/Sylmar Community","San Fernando Valley/Sylmar Community of Schools",0
"HARMONY CSPP","Jefferson/South Central (East) Community","Historic Central Avenue Community of Schools",2
"HARMONY EL","","",5
"HARMONY EL DTS","","",0
"HARRISON ST EL","Lincoln Heights/El Sereno Community","Lincoln Heights/El Sereno Community of Schools",2
"HARRISON ST EL DTS","","",0
"HART ST CSPP","Canoga Park/Chatsworth Community","Canoga Park/Chatsworth Community of Schools",0
"HART ST EL","","",1
"HARTE PREP MS","Westmont/West Athens Community","H.E.E.T. (W) Community of Schools",2
"HARVARD EL","Hollywood Community","Hollywood Community of Schools",0
"HARVARD EL DTS","","",0
"HASKELL EL STEAM MAG","Granada Hills/Northridge Community","Kennedy/NAHS/VAAS Community of Schools",0
"HAWAIIAN AVE EEC","Wilmington Community","Wilmington Community of Schools",0
"HAWAIIAN AVE EL","","",0
"HAWAIIAN AVE STEAM MG","","",0
"HAWKINS SH C/DAGS","South Mid-City Community","South Mid-City Community of Schools",5
"HAWKINS SH CHAS","","",0
"HAWKINS SH RISE","","",0
"HAYNES CES","Woodland Hills Community","Taft Community of Schools",1
"HAZELTINE AVE CSPP","Van Nuys/Valley Glen Community","Van Nuys/Valley Glen Community of Schools",0
"HAZELTINE AVE EL","","",1
"HAZELTINE AVE EL DTS","","",0
"HELIOTROPE AVE EL","Bell/Cudahy/Maywood Community","Bell/Cudahy/Maywood Community of Schools",1
"HENRY MS","Granada Hills/Northridge Community","Kennedy/NAHS/VAAS Community of Schools",0
"HENRY MS COMP/M/S MAG","","",3
"HENRY MS VAPA MAG","","",2
"HERRICK AVE EL","San Fernando Valley/Sylmar Community","San Fernando Valley/Sylmar Community of Schools",0
"HESBY OAKS LEAD CHTR","Reseda Community","Reseda Community of Schools",0
"HIGHLAND PARK HS","Eagle Rock/Highland Park Community","Eagle Rock/Highland Park Community of Schools",0
"HILLCREST DR EL","South Mid-City Community","South Mid-City Community of Schools",1
"HILLCREST DR EL DTS","","",0
"HILLCREST EL MUS MAG","","",0
"HILLSIDE EL","Lincoln Heights/El Sereno Community","Lincoln Heights/El Sereno Community of Schools",0
"HOBART BLVD DTS","Koreatown/Pico Union Community","Kreatwn/PcoUnion Community of Schools",0
"HOBART BLVD EEC","","",0
"HOBART BLVD EL","","",1
"HOLLENBECK MS","Boyle Heights Community","Boyle Heights Community of Schools",0
"HOLLENBECK MS L/PS MG","","",0
"HOLLENBECK STEMM MAG","","",0
"HOLLYWOOD CAS AC2T"," Community"," Community of Schools",0
"HOLLYWOOD EL","Hollywood Community","Hollywood Community of Schools",0
"HOLLYWOOD SH","","",3
"HOLLYWOOD SH NM MAG","","",1
"HOLLYWOOD SH PA MAG","","",2
"HOLMES AVE EEC","Huntington Park/Vernon Community","Huntington Park/Vernon Community of Schools",1
"HOLMES AVE EL","","",0
"HOLMES MS","North Hills/Panorama City Community","Monroe Community of Schools",6
"HOLMES MS INT HMN MAG","","",1
"HOOPER AVE CSPP","Jefferson/South Central (East) Community","Historic Central Avenue Community of Schools",0
"HOOPER AVE EEC","","",0
"HOOPER AVE EL","","",4
"HOOPER AVE EL DTS","","",0
"HOOPER AVE PC","","",0
"HOOPER AVE PC DTS","","",0
"HOOVER ST EL","Koreatown/Pico Union Community","Kreatwn/PcoUnion Community of Schools",0
"HOPE HS","South Los Angeles/Watts Community","Fremont Community of Schools",0
"HOPE ST EL","Huntington Park/Vernon Community","Huntington Park/Vernon Community of Schools",0
"HUBBARD EL STEAM MAG","San Fernando Valley/Sylmar Community","San Fernando Valley/Sylmar Community of Schools",1
"HUBBARD ST EL","","",0
"HUERTA EL","Jefferson/South Central (West) Community","Jefferson/South Central (West) Community of Schools",1
"HUGHES EL","Bell/Cudahy/Maywood Community","Bell/Cudahy/Maywood Community of Schools",0
"HUGHES EL PKFLP","","",0
"HUGHES EL STM MAG","","",0
"HUMPHREYS AVE EL","East Los Angeles Community","East Los Angeles Community of Schools",0
"HUMPHREYS AVE EL DTS","","",0
"HUMPHREYS EL STM MAG","","",0
"HUNTINGTON DR EL","Lincoln Heights/El Sereno Community","Lincoln Heights/El Sereno Community of Schools",0
"HUNTINGTON DR EL DTS","","",0
"HUNTINGTON PK DTS","Huntington Park/Vernon Community","Huntington Park/Vernon Community of Schools",0
"HUNTNGTN PK CAS AC2T"," Community"," Community of Schools",0
"HUNTNGTN PK EL","Huntington Park/Vernon Community","Huntington Park/Vernon Community of Schools",3
"HUNTNGTN PK NW EL#7L","","",0
"HUNTNGTN PK SH","","",3
"HUNTNGTN PK SH MAG","","",0
"HYDE PARK EEC","Baldwin Hills/Leimert Park Community","H.E.E.T. (C/D) Community of Schools",0
"INDEPENDENCE DTS","South Gate Community","South Gate Community of Schools",0
"INDEPENDENCE EL","","",1
"INDEPENDENCE HS","Reseda Community","Reseda Community of Schools",2
"INDEPENDENCE STEM MG","South Gate Community","South Gate Community of Schools",1
"INTERNATIONAL ST LC","","",0
"IRVING MS MME MAG","Glassell Park/Los Feliz Community","Glassell Park/Los Feliz Community of Schools",7
"ISAACS AVALON HS","Wilmington Community","Wilmington Community of Schools",0
"IVANHOE EL","Glassell Park/Los Feliz Community","Glassell Park/Los Feliz Community of Schools",1
"JEFFERSON AC2T"," Community"," Community of Schools",0
"JEFFERSON SH","Jefferson/South Central (East) Community","Historic Central Avenue Community of Schools",1
"JOHNSON STEM ACADEMY","Westchester Community","Westchester Community of Schools",0
"JONES EL","Jefferson/South Central (West) Community","Jefferson/South Central (West) Community of Schools",0
"JONES PC","Manual Arts/Vermont Square Community","Manual Arts/Vermont Square Community of Schools",0
"JONES SPS","","",0
"JORDAN SH","South Los Angeles/Watts Community","Fremont Community of Schools",3
"JUSTICE ST ACAD CHTR","Woodland Hills Community","Taft Community of Schools",0
"KAHLO HS","Jefferson/South Central (West) Community","Jefferson/South Central (West) Community of Schools",0
"KENNEDY EL","Lincoln Heights/El Sereno Community","Lincoln Heights/El Sereno Community of Schools",0
"KENNEDY GIFTED/MD MG","Granada Hills/Northridge Community","Kennedy/NAHS/VAAS Community of Schools",1
"KENNEDY SH","","",2
"KENNEDY SH ADDFM MAG","","",0
"KENNEDY SH GLEA MAG","","",1
"KENTER CANYON EC","West LA Community","West LA Community of Schools",0
"KENTWOOD EEC","Westchester Community","Westchester Community of Schools",0
"KENTWOOD EL","","",0
"KESTER AVE EL","Van Nuys/Valley Glen Community","Van Nuys/Valley Glen Community of Schools",3
"KESTER EL GIFTED MAG","","",1
"KIM ACADEMY","Koreatown/Pico Union Community","Kreatwn/PcoUnion Community of Schools",0
"KIM EL","","",0
"KIM EL DOK","","",0
"KIM EL DTS","","",0
"KING JR EL","Manual Arts/Vermont Square Community","Manual Arts/Vermont Square Community of Schools",1
"KING JR EL DTS","","",0
"KING MS ESTEAM MAG","Glassell Park/Los Feliz Community","Glassell Park/Los Feliz Community of Schools",0
"KING MS GIFTED/AT MG","","",3
"KING MS MAG FLM/MDIA","","",0
"KING-DREW SH MD/S MG","Florence-Firestone/Watts Community","Rivera Community of Schools",0
"KINGSLEY EL","Hollywood Community","Hollywood Community of Schools",0
"KINGSLEY EL DTS","","",0
"KIRIYAMA CAS AC2T"," Community"," Community of Schools",0
"KITTRIDGE ST CSPP","Van Nuys/Valley Glen Community","Van Nuys/Valley Glen Community of Schools",0
"KITTRIDGE ST EL","","",0
"KITTRIDGE ST EL DTR","","",0
"KITTRIDGE ST EL DTS","","",0
"KNOLLWOOD PREP ACAD","Granada Hills/Northridge Community","Kennedy/NAHS/VAAS Community of Schools",1
"KNOLLWOOD SPS","","",0
"KNOX EL","Watts/Green Meadows Community","Achievement Network Community of Schools",2
"KNOX EL DTS","","",0
"KNOX EL VAPA MAG","","",1
"KORENSTEIN CSPP","Sun Valley Community","Sun Valley Community of Schools",0
"KORENSTEIN EL","","",0
"LA ACADEMY STEAM MAG","Jefferson/South Central (East) Community","Historic Central Avenue Community of Schools",0
"LA SALLE AVE EL","Westmont/West Athens Community","H.E.E.T. (W) Community of Schools",0
"LA SALLE_AVE EL DTS","","",0
"LA TECH CENTER AC2T"," Community"," Community of Schools",0
"LACES MAG","Fairfax Community","Fairfax Community of Schools",3
"LAFAYETTE PARK PC","MacArthur Park Community","MacArthur Park Community of Schools",1
"LAFAYETTE PK PC CSPP","","",0
"LAKE BALBOA CP K-12","Reseda Community","Reseda Community of Schools",1
"LAKE ST PRIMARY","MacArthur Park Community","MacArthur Park Community of Schools",2
"LANAI RD EL","Woodland Hills Community","Taft Community of Schools",3
"LANE EL","East Los Angeles Community","East Los Angeles Community of Schools",1
"LANGDON AVE EL","North Hills/Panorama City Community","Monroe Community of Schools",6
"LANKERSHIM EL","North Hollywood/Valley Village Community","North Hollywood/Valley Village Community of Schools",1
"LASSEN EL","North Hills/Panorama City Community","Monroe Community of Schools",0
"LASSEN EL DTS","","",0
"LASSEN SPS","","",0
"LATONA AVE CSPP","Lincoln Heights/El Sereno Community","Lincoln Heights/El Sereno Community of Schools",0
"LATONA AVE EL","","",0
"LATONA AVE EL DTS","","",0
"LAUREL CACT MAG","Fairfax Community","Fairfax Community of Schools",1
"LAUREL EEC","","",0
"LAUSD/USC MA/ENG MAG","Manual Arts/Vermont Square Community","Manual Arts/Vermont Square Community of Schools",2
"LAWRENCE GIFTED MAG","Canoga Park/Chatsworth Community","Canoga Park/Chatsworth Community of Schools",0
"LAWRENCE MS","","",0
"LAWRENCE MS PS MAG","","",1
"LAWSON ACAD A/M/S EL","South Mid-City Community","South Mid-City Community of Schools",2
"LE CONTE MS","Hollywood Community","Hollywood Community of Schools",1
"LE CONTE MS CES MAG","","",0
"LE CONTE MS HEAT MAG","","",0
"LEAPWOOD EL","Carson Community","Carson Community of Schools",1
"LEE EL MED HLTH MAG","Downtown Community","Downtown Community of Schools",0
"LEGACY SH STEAM","South Gate Community","South Gate Community of Schools",2
"LEGACY SH VAPA","","",1
"LEICHMAN CPTC","Reseda Community","Reseda Community of Schools",0
"LELAND ST EL","San Pedro Community","San Pedro Community of Schools",0
"LELAND ST EL GA MAG","","",0
"LEMAY ST EEC","Reseda Community","Reseda Community of Schools",0
"LEMAY ST EL","","",3
"LEWIS HS","Sun Valley Community","Sun Valley Community of Schools",0
"LEXINGTON AVE CSPP","Glassell Park/Los Feliz Community","Glassell Park/Los Feliz Community of Schools",0
"LEXINGTON AVE PC","","",0
"LIBERTY BLVD EL","South Gate Community","South Gate Community of Schools",0
"LIECHTY MS","MacArthur Park Community","MacArthur Park Community of Schools",2
"LIGGETT ST EL","North Hills/Panorama City Community","Monroe Community of Schools",0
"LILLIAN ST EL","Huntington Park/Vernon Community","Huntington Park/Vernon Community of Schools",1
"LIMERICK AVE CSPP","Northridge/Reseda Community","Cleveland Community of Schools",0
"LIMERICK AVE EL","","",3
"LIMERICK AVE EL DTS","","",0
"LINCOLN ESP MAGNET","Lincoln Heights/El Sereno Community","Lincoln Heights/El Sereno Community of Schools",0
"LINCOLN SH","","",0
"LINCOLN SH STM MAG","","",0
"LIZARRAGA EL","Jefferson/South Central (West) Community","Jefferson/South Central (West) Community of Schools",1
"LIZARRAGA EL DTS","","",0
"LOCKE EEC","Watts/Green Meadows Community","Achievement Network Community of Schools",0
"LOCKE INFANT","","",0
"LOCKHURST DR CEL","Woodland Hills Community","Taft Community of Schools",2
"LOCKWOOD AVE EL","Glassell Park/Los Feliz Community","Glassell Park/Los Feliz Community of Schools",1
"LOGAN ACADEMY","Downtown Community","Downtown Community of Schools",0
"LOGAN ST EEC","","",0
"LOGAN ST EL DTS","","",0
"LOKRANTZ SP ED CTR","Reseda Community","Reseda Community of Schools",0
"LOMA VISTA EL","Bell/Cudahy/Maywood Community","Bell/Cudahy/Maywood Community of Schools",1
"LOMA VISTA EL DTS","","",0
"LOMITA EL M/S/T MAG","Harbor City/Lomita Community","Harbor City/Lomita Community of Schools",4
"LONDON HS","Van Nuys/Valley Glen Community","Van Nuys/Valley Glen Community of Schools",0
"LORENA ST EL","Boyle Heights Community","Boyle Heights Community of Schools",1
"LORENA ST EL DTS","","",0
"LORETO ST EL","Lincoln Heights/El Sereno Community","Lincoln Heights/El Sereno Community of Schools",1
"LORETO ST EL DTS","","",0
"LORNE ST EL","Northridge/Reseda Community","Cleveland Community of Schools",0
"LORNE ST EL STM MAG","","",1
"LOS ANGELES ACAD MS","Jefferson/South Central (East) Community","Historic Central Avenue Community of Schools",0
"LOS ANGELES EL","Koreatown/Pico Union Community","Kreatwn/PcoUnion Community of Schools",0
"LOS ANGELES SH","LA Mid-City Community","LA Mid-City Community of Schools",2
"LOS ANGELES STEAM MG","","",0
"LOS ANGELES TECH CTR"," Community"," Community of Schools",1
"LOS FELIZ STEMM MAG","Glassell Park/Los Feliz Community","Glassell Park/Los Feliz Community of Schools",4
"LOWMAN SP ED & CTC","Sun Valley Community","Sun Valley Community of Schools",0
"LOYOLA VILLG EL F/PAM","Westchester Community","Westchester Community of Schools",1
"MACARTHUR PK EL VAPA","MacArthur Park Community","MacArthur Park Community of Schools",2
"MACARTHUR PK VPA DTS","","",0
"MACES MAG","Bell/Cudahy/Maywood Community","Bell/Cudahy/Maywood Community of Schools",6
"MACK EL","Manual Arts/Vermont Square Community","Manual Arts/Vermont Square Community of Schools",0
"MACK EL DTS","","",0
"MACLAY MS","Sun Valley Community","Sun Valley Community of Schools",2
"MADISON EL","South Gate Community","South Gate Community of Schools",1
"MADISON EL DTS","","",0
"MADISON MS","Van Nuys/Valley Glen Community","Van Nuys/Valley Glen Community of Schools",0
"MADISON MS CS/ED MAG","","",0
"MADISON MS MED/M/S MG","","",2
"MAGNOLIA AVE CSPP","Koreatown/Pico Union Community","Kreatwn/PcoUnion Community of Schools",0
"MAGNOLIA AVE EL","","",3
"MAGNOLIA AVE EL DTS&","","",0
"MAGNOLIA SCI ACAD #2"," Community"," Community of Schools",2
"MAGNOLIA SCI ACAD #4","","",0
"MAGNOLIA SCI-BELL@SR","","",1
"MAIN ST EL","Jefferson/South Central (East) Community","Historic Central Avenue Community of Schools",2
"MAIN ST EL DTS","","",0
"MALABAR ST EL","Boyle Heights Community","Boyle Heights Community of Schools",2
"MANCHESTER AV CB MAG","South Los Angeles/Watts Community","Fremont Community of Schools",0
"MANCHESTER AVE EL","","",3
"MANHATTAN PLACE EL","Westmont/West Athens Community","H.E.E.T. (W) Community of Schools",2
"MANN UCLA COMM SCH","South Mid-City Community","South Mid-City Community of Schools",0
"MANUAL ARTS SH","Manual Arts/Vermont Square Community","Manual Arts/Vermont Square Community of Schools",2
"MANUAL ARTS SH CP MG","","",1
"MAPLE PC","Jefferson/South Central (West) Community","Jefferson/South Central (West) Community of Schools",0
"MAPLE PC DTS","","",0
"MAPLE SPS","","",1
"MAR VISTA EL","Venice Community","Venice Community of Schools",0
"MARIANNA AVE EL","East Los Angeles Community","East Los Angeles Community of Schools",0
"MARIANNA AVE EL DTS","","",0
"MARINA DEL REY MS","Venice Community","Venice Community of Schools",2
"MARINA DEL REY MS MAG","","",0
"MARINA EEC","","",0
"MARIPOSA-NABI PC","Koreatown/Pico Union Community","Kreatwn/PcoUnion Community of Schools",1
"MARK TWAIN MS","Venice Community","Venice Community of Schools",0
"MARK TWAIN MS WL MAG","","",0
"MARKHAM MS","South Los Angeles/Watts Community","Fremont Community of Schools",1
"MARKHAM MS HC MAG","","",0
"MARKHAM MS VAPA MAG","","",0
"MARLTON SCHOOL","Castle Heights Community","Hamilton Community of Schools",0
"MARQUEZ CHARTER","West LA Community","West LA Community of Schools",2
"MARQUEZ SH HPIAM","Huntington Park/Vernon Community","Huntington Park/Vernon Community of Schools",1
"MARQUEZ SH LIBRA","","",0
"MARQUEZ SH SOC JUS","","",0
"MARSHALL GIFTED MAG","Glassell Park/Los Feliz Community","Glassell Park/Los Feliz Community of Schools",0
"MARSHALL SH","","",5
"MARVIN EEC","Fairfax Community","Fairfax Community of Schools",1
"MARVIN EL","","",0
"MARVIN EL LANG MAG","","",1
"MAYALL ST AC A/T MAG","Granada Hills/Northridge Community","Kennedy/NAHS/VAAS Community of Schools",2
"MAYBERRY ST EL","Glassell Park/Los Feliz Community","Glassell Park/Los Feliz Community of Schools",1
"MAYBERRY ST EL DTS","","",0
"MAYWOOD ACADEMY SH","Bell/Cudahy/Maywood Community","Bell/Cudahy/Maywood Community of Schools",2
"MAYWOOD EL","","",0
"MAYWOOD EL CS MAG","","",1
"MCALISTER HS CYESIS","MacArthur Park Community","MacArthur Park Community of Schools",0
"MCAULIFFE EEC","Huntington Park/Vernon Community","Huntington Park/Vernon Community of Schools",1
"MCBRIDE SP ED CTR","Venice Community","Venice Community of Schools",0
"MCKINLEY AVE EL","Florence-Firestone/Watts Community","Rivera Community of Schools",2
"MELROSE AVE EL M/S MG","Fairfax Community","Fairfax Community of Schools",0
"MELVIN AVE EL","Northridge/Reseda Community","Cleveland Community of Schools",1
"MELVIN EL HUM/LEAD MG","","",0
"MENDEZ SH","Boyle Heights Community","Boyle Heights Community of Schools",1
"MENLO AVE EL","Manual Arts/Vermont Square Community","Manual Arts/Vermont Square Community of Schools",0
"MENLO AVE EL DTS","","",0
"MERIDIAN EEC","Eagle Rock/Highland Park Community","Eagle Rock/Highland Park Community of Schools",1
"METROPOLITAN HS","Boyle Heights Community","Boyle Heights Community of Schools",0
"MEYLER ST EL","Harbor City/Lomita Community","Harbor City/Lomita Community of Schools",1
"MEYLER ST EL DTS","","",0
"MICHELTORENA ST EL","Glassell Park/Los Feliz Community","Glassell Park/Los Feliz Community of Schools",1
"MICHELTORENA ST EL D","","",0
"MID-CITY AC2T"," Community"," Community of Schools",0
"MID-CITY PSES MAG","Fairfax Community","Fairfax Community of Schools",0
"MIDDLE COLLEGE HS","South Mid-City Community","South Mid-City Community of Schools",2
"MIDDLETON CSPP","Huntington Park/Vernon Community","Huntington Park/Vernon Community of Schools",0
"MIDDLETON ST EL","","",1
"MIDDLETON ST PC","","",0
"MIKES EEC","South Los Angeles/Watts Community","Fremont Community of Schools",0
"MILES AV EL STM MAG","Huntington Park/Vernon Community","Huntington Park/Vernon Community of Schools",0
"MILES AVE EEC","","",0
"MILES AVE EL","","",1
"MILES AVE EL DTS","","",0
"MILLER CTC","Northridge/Reseda Community","Cleveland Community of Schools",0
"MILLER EL","South Los Angeles/Watts Community","Fremont Community of Schools",4
"MILLIKAN CMS PA MAG","Van Nuys/Valley Glen Community","Van Nuys/Valley Glen Community of Schools",0
"MILLIKAN CMS SGE MAG","","",0
"MILLIKAN MS AC & PAM","","",0
"MIRAMONTE EEC","Florence-Firestone/Watts Community","Rivera Community of Schools",0
"MIRAMONTE EL","","",1
"MIRAMONTE EL DTS","","",0
"MISSION HS","San Fernando Valley/Sylmar Community","San Fernando Valley/Sylmar Community of Schools",0
"MONETA HS","Gardena Community","Gardena Community of Schools",0
"MONLUX EL","Van Nuys/Valley Glen Community","Van Nuys/Valley Glen Community of Schools",1
"MONLUX EL STM MAG","","",0
"MONROE SH","North Hills/Panorama City Community","Monroe Community of Schools",4
"MONROE SH FA MAG","","",1
"MONROE SH L/G MAG","","",0
"MONROE SH PA MAG","","",0
"MONTARA AVE EL","South Gate Community","South Gate Community of Schools",0
"MONTARA AVE EL DTS","","",2
"MONTARA EL STM MAG","","",0
"MONTE VISTA EEC","Eagle Rock/Highland Park Community","Eagle Rock/Highland Park Community of Schools",0
"MONTE VISTA ST EL","","",2
"MONTE VISTA ST FC MG","","",0
"MONTEREY HS","East Los Angeles Community","East Los Angeles Community of Schools",0
"MOORE M/S/T ACAD","Florence-Firestone/Watts Community","Rivera Community of Schools",3
"MORNINGSIDE EL","San Fernando Valley/Sylmar Community","San Fernando Valley/Sylmar Community of Schools",1
"MOSK CSPP","Northridge/Reseda Community","Cleveland Community of Schools",0
"MOSK EL","","",1
"MOSK EL STEAM MAG","","",0
"MOUNT GLEASON MS","Sunland/Tujunga Community","Sunland/Tujunga Community of Schools",1
"MOUNTAIN VIEW EL","","",0
"MOUNTAIN VIEW EL DTR","","",4
"MT GLEASON GIFTED MG","","",1
"MT GLEASON STEAM MG","","",0
"MT LUKENS HS","","",0
"MT WASHINGTON EL","Eagle Rock/Highland Park Community","Eagle Rock/Highland Park Community of Schools",0
"MUIR MS","South Mid-City Community","South Mid-City Community of Schools",2
"MUIR MS STM MAG","","",0
"MULHOLLAND MS","Reseda Community","Reseda Community of Schools",2
"MULHOLLAND MS PA MAG","","",3
"MULHOLLAND MS RBT MG","","",0
"MULTNOMAH GIFTED MAG","Lincoln Heights/El Sereno Community","Lincoln Heights/El Sereno Community of Schools",0
"MULTNOMAH ST EL","","",0
"MULTNOMAH ST EL ES MG","","",1
"MURCHISON EEC","","",0
"MURCHISON ST EL","","",1
"NAPA ST EL","Northridge/Reseda Community","Cleveland Community of Schools",0
"NAPA ST EL DTS","","",0
"NARBONNE SH","Harbor City/Lomita Community","Harbor City/Lomita Community of Schools",5
"NARBONNE SH BET MAG","","",1
"NARBONNE SH HARTS LA","","",0
"NARBONNE SH STEAM MG","","",0
"NAVA COLLEGE PREP","Jefferson/South Central (East) Community","Historic Central Avenue Community of Schools",0
"NAVA LEARNING ACADEMY","","",0
"NESTLE AVE CHARTER","Woodland Hills Community","Taft Community of Schools",1
"NESTLE AVE SPS","","",0
"NEVADA AVE EL","Canoga Park/Chatsworth Community","Canoga Park/Chatsworth Community of Schools",1
"NEVADA AVE EL DTS","","",0
"NEVIN AVE EL","Jefferson/South Central (East) Community","Historic Central Avenue Community of Schools",2
"NEW ACAD CANOGA PARK"," Community"," Community of Schools",0
"NEWCASTLE EL","Reseda Community","Reseda Community of Schools",4
"NEWMARK HS","Downtown Community","Downtown Community of Schools",0
"NIGHTINGALE GSTEM MG","Lincoln Heights/El Sereno Community","Lincoln Heights/El Sereno Community of Schools",0
"NIGHTINGALE MS","","",2
"NIGHTINGALE MS BET MG","","",0
"NIGHTINGALE MS MHK MG","","",0
"NIMITZ MS","Huntington Park/Vernon Community","Huntington Park/Vernon Community of Schools",2
"NIMITZ MS STM MAG","","",3
"NO HOLLYWD SH","North Hollywood/Valley Village Community","North Hollywood/Valley Village Community of Schools",9
"NO HOLLYWD SH HG MG","","",1
"NO HOLLYWD SH STEM MG","","",0
"NO HOLLYWD SH ZOO MG","","",1
"NO VALL OCC CTR AC2T"," Community"," Community of Schools",0
"NOBEL CMS","Canoga Park/Chatsworth Community","Canoga Park/Chatsworth Community of Schools",2
"NOBEL CMS STEAM MAG","","",0
"NOBLE AVE EEC","Panorama City Community","Panorama City Community of Schools",0
"NOBLE AVE EL","","",0
"NORMANDIE AVE CSPP","Manual Arts/Vermont Square Community","Manual Arts/Vermont Square Community of Schools",0
"NORMANDIE AVE EEC","","",0
"NORMANDIE AVE EL","","",1
"NORMANDIE AVE EL DTS","","",0
"NORMONT EEC","Harbor City/Lomita Community","Harbor City/Lomita Community of Schools",0
"NORMONT EL","","",0
"NORMONT EL  DTS","","",0
"NORTH VALLEY OCC CTR"," Community"," Community of Schools",1
"NORTHRIDGE ACAD SH","Granada Hills/Northridge Community","Kennedy/NAHS/VAAS Community of Schools",4
"NORTHRIDGE EEC","Northridge/Reseda Community","Cleveland Community of Schools",0
"NORTHRIDGE MH CAR MAG","","",2
"NORTHRIDGE MS","","",1
"NORWOOD ST EL","Manual Arts/Vermont Square Community","Manual Arts/Vermont Square Community of Schools",0
"NUEVA VISTA EL","Bell/Cudahy/Maywood Community","Bell/Cudahy/Maywood Community of Schools",0
"NUEVA VISTA VAPA MAG","","",0
"OBAMA EL","Panorama City Community","Panorama City Community of Schools",3
"OBAMA GLBL PREP ACAD","Manual Arts/Vermont Square Community","Manual Arts/Vermont Square Community of Schools",2
"OBAMA GPA STEAM MAG","","",0
"OCHOA LC","Bell/Cudahy/Maywood Community","Bell/Cudahy/Maywood Community of Schools",2
"OCHOA LC DTS","","",6
"OCHOA LC PKFLP","","",0
"ODYSSEY HS","South Gate Community","South Gate Community of Schools",0
"OLIVE VISTA MS","San Fernando Valley/Sylmar Community","San Fernando Valley/Sylmar Community of Schools",3
"OLIVE VISTA STEAM MG","","",1
"OLYMPIC PC","MacArthur Park Community","MacArthur Park Community of Schools",2
"O'MELVENY CSPP","San Fernando Valley/Sylmar Community","San Fernando Valley/Sylmar Community of Schools",0
"O'MELVENY EL","","",0
"OPEN CHARTER MAG","Westchester Community","Westchester Community of Schools",0
"ORCHARD ACADEMIES 2B","Bell/Cudahy/Maywood Community","Bell/Cudahy/Maywood Community of Schools",2
"ORCHARD ACADEMIES 2C","","",1
"ORTHOPAEDIC HSP SH MG","Jefferson/South Central (West) Community","Jefferson/South Central (West) Community of Schools",0
"OSCEOLA ST CSPP","San Fernando Valley/Sylmar Community","San Fernando Valley/Sylmar Community of Schools",0
"OSCEOLA ST EL","","",1
"OVERLAND AVE EL","Castle Heights Community","Hamilton Community of Schools",6
"OWENSMOUTH HS","Canoga Park/Chatsworth Community","Canoga Park/Chatsworth Community of Schools",1
"OXNARD ST EL","North Hollywood/Valley Village Community","North Hollywood/Valley Village Community of Schools",0
"PACIFIC BLVD DTS","Huntington Park/Vernon Community","Huntington Park/Vernon Community of Schools",0
"PACIFIC BLVD SCHOOL","","",2
"PACOIMA EEC","San Fernando Valley/Sylmar Community","San Fernando Valley/Sylmar Community of Schools",0
"PACOIMA MS","Sun Valley Community","Sun Valley Community of Schools",1
"PACOIMA MS CS/M MAG","","",2
"PACOIMA MS FMPA MAG","","",0
"PALISADES CEL","West LA Community","West LA Community of Schools",0
"PALISADES CHS"," Community"," Community of Schools",0
"PALMS EL","Castle Heights Community","Hamilton Community of Schools",0
"PALMS MS","","",0
"PALMS MS GIFTED MAG","","",1
"PALMS MS MMC MAG","","",0
"PANORAMA CITY CSPP","North Hills/Panorama City Community","Monroe Community of Schools",0
"PANORAMA CITY EL","","",2
"PANORAMA GSTEAM MAG","Panorama City Community","Panorama City Community of Schools",0
"PANORAMA SH","","",3
"PANORAMA SH SJL MAG","","",0
"PANORAMA SH SMIT MAG","","",2
"PARK AVE EL","Bell/Cudahy/Maywood Community","Bell/Cudahy/Maywood Community of Schools",1
"PARK AVE EL DTS","","",0
"PARK WESTERN EEC","San Pedro Community","San Pedro Community of Schools",0
"PARK WESTERN SPS","","",0
"PARK WSTN PL EL","","",1
"PARK WSTRN GSTEAM MAG","","",0
"PARKS CSPP","North Hills/Panorama City Community","Monroe Community of Schools",0
"PARKS LC","","",4
"PARKS/HUERTA EEC","South Mid-City Community","South Mid-City Community of Schools",0
"PARMELEE AVE EL","Florence-Firestone/Watts Community","Rivera Community of Schools",1
"PARMELEE AVE EL DTS","","",0
"PARTHENIA AC ART TEC","North Hills/Panorama City Community","Monroe Community of Schools",5
"PASEO DEL REY EL MAG","Westchester Community","Westchester Community of Schools",0
"PATTON HS","Harbor City/Lomita Community","Harbor City/Lomita Community of Schools",0
"PEARL SH JRNLS/CMM MG","Northridge/Reseda Community","Cleveland Community of Schools",0
"PEARY MS","Gardena Community","Gardena Community of Schools",5
"PEARY MS GIFTED MAG","","",0
"PEARY MS STEAM MAG","","",0
"PEREZ SP ED CTR","East Los Angeles Community","East Los Angeles Community of Schools",0
"PHOENIX HS","Venice Community","Venice Community of Schools",0
"PINEWOOD AVE EEC","Sunland/Tujunga Community","Sunland/Tujunga Community of Schools",0
"PINEWOOD AVE EL","","",0
"PIO PICO MS","LA Mid-City Community","LA Mid-City Community of Schools",1
"PLAINVIEW ACADEMC CA","Sunland/Tujunga Community","Sunland/Tujunga Community of Schools",0
"PLASENCIA EL","Downtown Community","Downtown Community of Schools",1
"PLASENCIA EL STEAM MG","","",3
"PLAYA DEL REY EL","Venice Community","Venice Community of Schools",0
"PLAYA VISTA EL","Westchester Community","Westchester Community of Schools",0
"PLUMMER EL","North Hills/Panorama City Community","Monroe Community of Schools",2
"PLUMMER EL CSPP","","",0
"POINDEXTER LAMOTTE EL","Manual Arts/Vermont Square Community","Manual Arts/Vermont Square Community of Schools",0
"POLITI EL","Koreatown/Pico Union Community","Kreatwn/PcoUnion Community of Schools",0
"POLYTECHNIC SH","Sun Valley Community","Sun Valley Community of Schools",1
"POLYTECHNIC STM MAG","","",0
"POMELO ARTS/SCI MAG","Woodland Hills Community","Taft Community of Schools",0
"POMELO COMMUNITY CS","","",2
"PORTER MS","Granada Hills/Northridge Community","Kennedy/NAHS/VAAS Community of Schools",4
"PORTER MS GIFTED MAG","","",3
"PORTER RANCH SCH DTK","Canoga Park/Chatsworth Community","Canoga Park/Chatsworth Community of Schools",0
"PORTER RANCH SCHOOL","","",4
"PORTOLA ACAD OF IA&T","Woodland Hills Community","Taft Community of Schools",1
"PORTOLA CM","","",2
"PORTOLA CM HG MAG","","",1
"PRESIDENT AVE EL","Harbor City/Lomita Community","Harbor City/Lomita Community of Schools",0
"PRESIDENT AVE EL DTS","","",1
"PRIMARY ACADEMY","North Hills/Panorama City Community","Monroe Community of Schools",2
"PRIMARY ACADEMY CSPP","","",0
"PT FERMIN EL MR/S MG","San Pedro Community","San Pedro Community of Schools",0
"PUEBLO DE LA HS","Lincoln Heights/El Sereno Community","Lincoln Heights/El Sereno Community of Schools",0
"PURCHE AV EL STEAM MG","Gardena Community","Gardena Community of Schools",1
"PURCHE AVE EL","","",0
"QUEEN ANNE PL EL","LA Mid-City Community","LA Mid-City Community of Schools",0
"QUEEN ANNE PL EL DTS","","",0
"RAMONA EL","Hollywood Community","Hollywood Community of Schools",1
"RAMONA HS","East Los Angeles Community","East Los Angeles Community of Schools",0
"RAMONA INFANT","","",0
"RANCHITO AVE DTS","Panorama City Community","Panorama City Community of Schools",0
"RANCHITO AVE EL","","",1
"RANCHO DOMNGZ PREP","Carson Community","Carson Community of Schools",0
"RANCHO DOMNGZ PREP MG","","",0
"RAYMOND AVE EL","Westmont/West Athens Community","H.E.E.T. (W) Community of Schools",0
"REED MS","North Hollywood/Valley Village Community","North Hollywood/Valley Village Community of Schools",5
"REGIONAL SH IDTE MAG"," Community"," Community of Schools",0
"RESEDA CAS AC2T","","",0
"RESEDA CHARTER HS","Reseda Community","Reseda Community of Schools",4
"RESEDA CHS AME MAG","","",0
"RESEDA CHS PA MAG","","",1
"RESEDA CHS SCI MAG","","",0
"RESEDA EL","","",0
"REVERE CMS","West LA Community","West LA Community of Schools",6
"REVERE CMS STM MAG","","",3
"RFK AMBSDR GBL DOS","Koreatown/Pico Union Community","Kreatwn/PcoUnion Community of Schools",0
"RFK AMBSDR GBL DTK","","",0
"RFK AMBSDR GLBL EDU","","",0
"RFK AMBSDR GLBL LDSH","","",2
"RFK LA SH ARTS","","",1
"RFK NEW OPEN WLD","","",3
"RFK SCH VIS ARTS/HUM","","",4
"RFK UCLA COMM DOS","","",2
"RFK UCLA COMM SCH","","",0
"RICHLAND AVE EL","West LA Community","West LA Community of Schools",0
"RICHLAND AVE EL DTF","","",0
"RIDE EL SMART ACAD","Jefferson/South Central (East) Community","Historic Central Avenue Community of Schools",1
"RILEY HS CYESIS","South Los Angeles/Watts Community","Fremont Community of Schools",0
"RIO VISTA EL","North Hollywood/Valley Village Community","North Hollywood/Valley Village Community of Schools",2
"RIORDAN PC","Eagle Rock/Highland Park Community","Eagle Rock/Highland Park Community of Schools",0
"RIORDAN PC DWF","","",1
"RITTER EL","South Los Angeles/Watts Community","Fremont Community of Schools",4
"RIVERA LC COM & TECH","Florence-Firestone/Watts Community","Rivera Community of Schools",0
"RIVERA LC GD STEAM AC","","",3
"RIVERA LC PERF ARTS","","",1
"RIVERA LC PUB SRV","","",2
"RIVERSIDE DR CS","Van Nuys/Valley Glen Community","Van Nuys/Valley Glen Community of Schools",0
"ROBERTI EEC","Jefferson/South Central (East) Community","Historic Central Avenue Community of Schools",1
"ROCKDALE VAPA MAG","Eagle Rock/Highland Park Community","Eagle Rock/Highland Park Community of Schools",2
"RODIA HS","South Gate Community","South Gate Community of Schools",0
"ROGERS HS","Van Nuys/Valley Glen Community","Van Nuys/Valley Glen Community of Schools",1
"ROMER MS","North Hollywood/Valley Village Community","North Hollywood/Valley Village Community of Schools",0
"ROMER MS GIFT/HUM MG","","",0
"ROMER MS STEM MAG","","",0
"ROOSEVELT INFANT","Boyle Heights Community","Boyle Heights Community of Schools",0
"ROOSEVELT SH","","",2
"ROOSEVELT SH LPS MAG","","",0
"ROOSEVELT SH STM MAG","","",0
"ROSCOE EL","Sun Valley Community","Sun Valley Community of Schools",0
"ROSCOE EL DTS","","",0
"ROSCOMARE RD EL","West LA Community","West LA Community of Schools",2
"ROSEMONT AVE EEC","Downtown Community","Downtown Community of Schools",0
"ROSEMONT AVE EL","","",3
"ROSEWOOD UP/UD MAG","Fairfax Community","Fairfax Community of Schools",0
"ROWAN AVE EL","East Los Angeles Community","East Los Angeles Community of Schools",0
"ROWAN AVE EL DTS","","",0
"ROYBAL LC","Downtown Community","Downtown Community of Schools",6
"ROYBAL LC ICAMP MAG","","",1
"ROYBAL-ALLARD EL","Huntington Park/Vernon Community","Huntington Park/Vernon Community of Schools",0
"ROYBAL-ALLARD EL DTS","","",0
"RUSSELL EL","Florence-Firestone/Watts Community","Rivera Community of Schools",1
"RUSSELL EL GIFTED MG","","",2
"RUSSELL SPS","","",0
"RYBL-ALLRD DREAMS MG","Huntington Park/Vernon Community","Huntington Park/Vernon Community of Schools",0
"SALVIN SP ED CTR","Manual Arts/Vermont Square Community","Manual Arts/Vermont Square Community of Schools",0
"SAN ANTONIO EL","Huntington Park/Vernon Community","Huntington Park/Vernon Community of Schools",0
"SAN ANTONIO HS","","",0
"SAN ANTONIO STEM MAG","","",1
"SAN FERNANDO EEC","San Fernando Valley/Sylmar Community","San Fernando Valley/Sylmar Community of Schools",0
"SAN FERNANDO EL","","",0
"SAN FERNANDO EL DTS","","",0
"SAN FERNANDO MS","","",4
"SAN FERNANDO MS IAM","","",1
"SAN FERNANDO SH","","",4
"SAN FERNANDO STM MAG","","",1
"SAN GABRIEL AVE DTS","South Gate Community","South Gate Community of Schools",0
"SAN GABRIEL AVE EL","","",3
"SAN JOSE ST EL","Granada Hills/Northridge Community","Kennedy/NAHS/VAAS Community of Schools",2
"SAN JOSE ST EL HG MAG","","",0
"SAN MIGUEL CSPP","South Gate Community","South Gate Community of Schools",0
"SAN MIGUEL EL","","",1
"SAN MIGUEL EL DTS","","",0
"SAN MIGUEL EL DWM","","",0
"SAN MIGUEL STEAM MAG","","",1
"SAN PASCUAL STEAM MG","Eagle Rock/Highland Park Community","Eagle Rock/Highland Park Community of Schools",0
"SAN PEDRO AC2T"," Community"," Community of Schools",0
"SAN PEDRO G/STEAM MG","San Pedro Community","San Pedro Community of Schools",1
"SAN PEDRO MS/T/M MAG","","",0
"SAN PEDRO SH","","",6
"SAN PEDRO SH PA MAG","","",0
"SAN PEDRO SH VAPA MG","","",0
"SAN PEDRO SPS","Jefferson/South Central (West) Community","Jefferson/South Central (West) Community of Schools",0
"SAN PEDRO ST EL","","",0
"SANTA MONICA BLVD CO"," Community"," Community of Schools",0
"SANTANA ART AC","North Hills/Panorama City Community","Monroe Community of Schools",1
"SANTANA ARTS ACA DTS","","",0
"SANTEE EC","Jefferson/South Central (West) Community","Jefferson/South Central (West) Community of Schools",5
"SATICOY EL","Sun Valley Community","Sun Valley Community of Schools",3
"SATICOY EL CSPP","","",0
"SATICOY EL DTR","","",1
"SATURN ST EL","Fairfax Community","Fairfax Community of Schools",0
"SATURN ST EL AM MAG","","",0
"SCIENCE AC STEM MAG","North Hollywood/Valley Village Community","North Hollywood/Valley Village Community of Schools",0
"SECONDARY CDS","South Mid-City Community","South Mid-City Community of Schools",0
"SELMA AVE EL","Hollywood Community","Hollywood Community of Schools",0
"SENDAK EL","North Hollywood/Valley Village Community","North Hollywood/Valley Village Community of Schools",0
"SENDAK EL A/C/T MAG","","",0
"SEPULVEDA GIFTED MAG","North Hills/Panorama City Community","Monroe Community of Schools",1
"SEPULVEDA KSM MAG","","",0
"SEPULVEDA MS","","",1
"SERRANIA AVE CES","Woodland Hills Community","Taft Community of Schools",0
"SHARP AVE EL","Sun Valley Community","Sun Valley Community of Schools",0
"SHENANDOAH ST EEC","Castle Heights Community","Hamilton Community of Schools",0
"SHENANDOAH ST EL","","",2
"SHERIDAN ST CSPP","Boyle Heights Community","Boyle Heights Community of Schools",0
"SHERIDAN ST EL","","",0
"SHERIDAN ST EL DTS","","",0
"SHERMAN OAKS EL CS","Van Nuys/Valley Glen Community","Van Nuys/Valley Glen Community of Schools",2
"SHIRLEY AVE EL","Reseda Community","Reseda Community of Schools",0
"SHORT AVE EL","Venice Community","Venice Community of Schools",0
"SIERRA PARK EL","Lincoln Heights/El Sereno Community","Lincoln Heights/El Sereno Community of Schools",0
"SIERRA PARK PKFLP","","",0
"SIERRA VISTA EL","","",0
"SLAWSON OCC CTR"," Community"," Community of Schools",1
"SOCES MAG","Reseda Community","Reseda Community of Schools",15
"SOLANO AVE EL","Lincoln Heights/El Sereno Community","Lincoln Heights/El Sereno Community of Schools",0
"SOLIS LA","East Los Angeles Community","East Los Angeles Community of Schools",1
"SOTO ST EL","Boyle Heights Community","Boyle Heights Community of Schools",0
"SOTOMAYOR ART/SCI MAG","Glassell Park/Los Feliz Community","Glassell Park/Los Feliz Community of Schools",0
"SOUTH EAST SH","South Gate Community","South Gate Community of Schools",2
"SOUTH EAST STEAM MAG","","",0
"SOUTH GATE MS","","",4
"SOUTH GATE MS STM MG","","",1
"SOUTH GATE SH","","",0
"SOUTH GATE SH PSB MG","","",0
"SOUTH PARK EL","South Los Angeles/Watts Community","Fremont Community of Schools",2
"SOUTH PARK EL DTS","","",0
"SOUTH SHORES EL PA MG","San Pedro Community","San Pedro Community of Schools",3
"SOUTHEAST DREAMS MAG","South Gate Community","South Gate Community of Schools",0
"SOUTHEAST MS","","",3
"STAGG ST EL","Northridge/Reseda Community","Cleveland Community of Schools",2
"STAGG ST SPS","","",0
"STANFORD AVE CSPP","South Gate Community","South Gate Community of Schools",0
"STANFORD AVE EL","","",2
"STANFORD AVE EL DTS","","",0
"STANFORD AVE PC","","",1
"STANFORD AVE PC DTS","","",0
"STATE ST EEC","","",0
"STATE ST EL","","",0
"STATE ST EL DTS","","",0
"STERRY EL","West LA Community","West LA Community of Schools",2
"STEVENSON CCP","Boyle Heights Community","Boyle Heights Community of Schools",3
"STEVENSON CCP CA MAG","","",1
"STEVENSON CCP GIFT MG","","",0
"STONEHURST AVE SPS","Sunland/Tujunga Community","Sunland/Tujunga Community of Schools",0
"STONEHURST STEAM MAG","","",0
"STONER AVE CSPP","Venice Community","Venice Community of Schools",1
"STONER AVE EL","","",0
"STONER AVE EL DOS","","",0
"STONEY POINT HS","Canoga Park/Chatsworth Community","Canoga Park/Chatsworth Community of Schools",0
"STRATHERN ST CSPP","Sun Valley Community","Sun Valley Community of Schools",0
"STRATHERN ST EL","","",2
"SUN VALLEY MAG BSEL","","",1
"SUN VALLEY MAG ES","","",2
"SUN VALLEY MAG ET","","",0
"SUNLAND EL","Sunland/Tujunga Community","Sunland/Tujunga Community of Schools",3
"SUNLAND EL GIFTED MG","","",1
"SUNLAND SPS","","",0
"SUNNY BRAE AVE CSPP","Northridge/Reseda Community","Cleveland Community of Schools",0
"SUNNY BRAE AVE EL","","",1
"SUNNY BRAE AVE EL DT","","",0
"SUNNY BRAE EL GA MAG","","",0
"SUNRISE EL","Boyle Heights Community","Boyle Heights Community of Schools",4
"SUNRISE EL DTS","","",0
"SUPERIOR ST EL","Canoga Park/Chatsworth Community","Canoga Park/Chatsworth Community of Schools",0
"SUTTER MS","Northridge/Reseda Community","Cleveland Community of Schools",1
"SUTTER MS STEAM MAG","","",0
"SYLMAR ACAD BH/E MAG","San Fernando Valley/Sylmar Community","San Fernando Valley/Sylmar Community of Schools",0
"SYLMAR CHS","","",7
"SYLMAR CHS STM MAG","","",0
"SYLMAR EL","","",4
"SYLMAR LDSHP ACAD","","",5
"SYLVAN PARK EEC","Van Nuys/Valley Glen Community","Van Nuys/Valley Glen Community of Schools",0
"SYLVAN PARK EL","","",0
"TAFT CHS","Woodland Hills Community","Taft Community of Schools",6
"TAFT GIFTED/STEAM MG","","",2
"TAPER AV EL STEAM MAG","San Pedro Community","San Pedro Community of Schools",0
"TAPER AVE EL","","",6
"TARZANA EL","Reseda Community","Reseda Community of Schools",0
"TELFAIR AVE EEC","San Fernando Valley/Sylmar Community","San Fernando Valley/Sylmar Community of Schools",0
"TELFAIR AVE EL","","",2
"TELFAIR AVE EL DTS","","",3
"THOREAU HS","Woodland Hills Community","Taft Community of Schools",0
"TOLAND WAY EL","Eagle Rock/Highland Park Community","Eagle Rock/Highland Park Community of Schools",2
"TOLUCA LAKE CSPP","North Hollywood/Valley Village Community","North Hollywood/Valley Village Community of Schools",0
"TOLUCA LAKE EEC","","",0
"TOLUCA LAKE EL","","",3
"TOPANGA EL CS","West LA Community","West LA Community of Schools",1
"TOPEKA DR CAS","Canoga Park/Chatsworth Community","Canoga Park/Chatsworth Community of Schools",3
"TORRES ELA PA MAG","East Los Angeles Community","East Los Angeles Community of Schools",0
"TORRES ENG & TECH","","",0
"TORRES HS SJLA MAG","","",0
"TORRES HUM/ART/TECH","","",0
"TORRES RENAISSANCE","","",0
"TOWNE AVE EL","Carson Community","Carson Community of Schools",1
"TRINITY EEC","Jefferson/South Central (West) Community","Jefferson/South Central (West) Community of Schools",0
"TRINITY ST EL","","",0
"TRINITY ST EL DTS","","",0
"TULSA ST EL","Granada Hills/Northridge Community","Kennedy/NAHS/VAAS Community of Schools",0
"TWEEDY ADULT AC2T"," Community"," Community of Schools",0
"TWEEDY EL","South Gate Community","South Gate Community of Schools",0
"TWEEDY EL DTS","","",0
"UNION AVE CSPP","MacArthur Park Community","MacArthur Park Community of Schools",0
"UNION AVE EL","","",2
"UNIVERSITY HS CHARTER","West LA Community","West LA Community of Schools",0
"UNIVRSTY CHS MAST MAG","","",1
"UTAH ST EL","Boyle Heights Community","Boyle Heights Community of Schools",8
"VALERIO ST CSPP","Panorama City Community","Panorama City Community of Schools",0
"VALERIO ST EL","","",2
"VALLEY ACAD ARTS/SCI","Granada Hills/Northridge Community","Kennedy/NAHS/VAAS Community of Schools",0
"VALLEY VIEW EL","Hollywood Community","Hollywood Community of Schools",0
"VAN DEENE AVE EL","Harbor City/Lomita Community","Harbor City/Lomita Community of Schools",4
"VAN GOGH CHTR","Granada Hills/Northridge Community","Kennedy/NAHS/VAAS Community of Schools",2
"VAN NESS AVE EL","Hollywood Community","Hollywood Community of Schools",0
"VAN NESS AVE EL CSPP","","",0
"VAN NUYS CAS AC2T"," Community"," Community of Schools",0
"VAN NUYS EL","Van Nuys/Valley Glen Community","Van Nuys/Valley Glen Community of Schools",1
"VAN NUYS MS","","",0
"VAN NUYS MS STEAM MAG","","",0
"VAN NUYS SH","","",2
"VAN NUYS SH MED MG","","",0
"VAN NUYS SH PA MG","","",1
"VAN NUYS SH STM MAG","","",2
"VANALDEN AVE EEC","Reseda Community","Reseda Community of Schools",0
"VANALDEN AVE EL","","",3
"VAUGHN EEC","San Fernando Valley/Sylmar Community","San Fernando Valley/Sylmar Community of Schools",0
"VENA AVE EL","Sun Valley Community","Sun Valley Community of Schools",2
"VENA EL GIFTED MAG","","",1
"VENICE SH","Venice Community","Venice Community of Schools",3
"VENICE SH STEMM MAG","","",0
"VENICE SH WL/GS MAG","","",0
"VENICE SKILLS CENTER"," Community"," Community of Schools",0
"VENICE SKILLS CT AC2T","","",0
"VERDGO HLS SH","Sunland/Tujunga Community","Sunland/Tujunga Community of Schools",1
"VERDGO HLS SH STEMM M","","",0
"VERDGO HLS SH VAPA MG","","",0
"VERMONT AVE EL","Manual Arts/Vermont Square Community","Manual Arts/Vermont Square Community of Schools",0
"VERNON CITY EL","Huntington Park/Vernon Community","Huntington Park/Vernon Community of Schools",0
"VERNON CITY EL CSPP","","",0
"VICTORIA AVE EL","South Gate Community","South Gate Community of Schools",0
"VICTORY BLVD EL","North Hollywood/Valley Village Community","North Hollywood/Valley Village Community of Schools",0
"VICTORY EL STEAM MAG","","",1
"VIEW PARK CONTN HS","Baldwin Hills/Leimert Park Community","H.E.E.T. (C/D) Community of Schools",0
"VINE ST EEC","Hollywood Community","Hollywood Community of Schools",0
"VINE ST EL","","",1
"VINEDALE COLLEGE PRP","Sun Valley Community","Sun Valley Community of Schools",0
"VINTAGE EL M/S/T MAG","North Hills/Panorama City Community","Monroe Community of Schools",5
"VIRGIL MS","Downtown Community","Downtown Community of Schools",4
"VIRGIL MS MED/HS MAG","","",3
"VIRGINIA RD EL","LA Mid-City Community","LA Mid-City Community of Schools",0
"VIRGINIA RD EL DTS","","",0
"VISTA DEL VALLE ACAD","San Fernando Valley/Sylmar Community","San Fernando Valley/Sylmar Community of Schools",1
"VISTA DEL VALLE CSPP","","",0
"VISTA DEL VALLE DTS","","",1
"VISTA MS","Panorama City Community","Panorama City Community of Schools",3
"VISTA MS GSTEAM MAG","","",0
"VISTA MS LGSJL MAG","","",0
"VISTA MS SMCP MAG","","",1
"VLADOVIC HARBOR TPA","Wilmington Community","Wilmington Community of Schools",3
"VOCES MAG","Sun Valley Community","Sun Valley Community of Schools",0
"WADSWORTH AVE EEC","Jefferson/South Central (West) Community","Jefferson/South Central (West) Community of Schools",0
"WADSWORTH AVE EL","","",2
"WALGROVE AVE EL","Venice Community","Venice Community of Schools",0
"WALNUT PARK EL","Huntington Park/Vernon Community","Huntington Park/Vernon Community of Schools",0
"WALNUT PARK MS SJ/SL","","",0
"WALNUT PARK MS STEM","","",0
"WALNUT PARK PKFLP","","",0
"WALNUT PRK EL DTS","","",0
"WARNER AVE EL","West LA Community","West LA Community of Schools",2
"WASHINGTON CSPP","South Los Angeles/Watts Community","Fremont Community of Schools",0
"WASHINGTON PC","","",0
"WASHINGTON PC DTS","","",0
"WASHINGTON PREP SH","Westmont/West Athens Community","H.E.E.T. (W) Community of Schools",0
"WASHINGTON STEAM MAG","","",0
"WATERS EMP PREP AC2T"," Community"," Community of Schools",0
"WATERS EMP PREP CTR","","",2
"WATSON AC2T","","",0
"WEBSTER MS","West LA Community","West LA Community of Schools",1
"WEBSTER MS STEAM MAG","","",0
"WEEMES CSPP","Manual Arts/Vermont Square Community","Manual Arts/Vermont Square Community of Schools",0
"WEEMES EL","","",2
"WEIGAND AVE EL","Watts/Green Meadows Community","Achievement Network Community of Schools",0
"WEIGAND AVE SPS","","",0
"WELBY WAY CEL","Woodland Hills Community","Taft Community of Schools",0
"WELBY WAY GIFTED MAG","","",1
"WESM ENV NATRL SCI","Westchester Community","Westchester Community of Schools",2
"WESM GIFTED/STEAM MAG","","",0
"WESM HLTH/SPORTS MED","","",1
"WEST ADAMS PREP SH","Koreatown/Pico Union Community","Kreatwn/PcoUnion Community of Schools",0
"WEST ADAMS SH FA MAG","","",0
"WEST ADAMS SH PA MAG","","",1
"WEST ATHENS CSPP","Westmont/West Athens Community","H.E.E.T. (W) Community of Schools",0
"WEST ATHENS EL","","",0
"WEST HOLLYWOOD EL","Fairfax Community","Fairfax Community of Schools",0
"WEST VALL OC CTR AC2T"," Community"," Community of Schools",0
"WEST VALLEY OCC CTR","","",0
"WEST VERNON AVE EL","Jefferson/South Central (West) Community","Jefferson/South Central (West) Community of Schools",4
"WESTERN AV TECH MAG","South Mid-City Community","South Mid-City Community of Schools",1
"WESTMINSTER AVE EEC","Venice Community","Venice Community of Schools",0
"WESTMINSTER MTES MAG","","",2
"WESTPORT HTS EL","Westchester Community","Westchester Community of Schools",4
"WESTSIDE GLBL AWR MAG","Venice Community","Venice Community of Schools",0
"WESTWOOD CEL","West LA Community","West LA Community of Schools",2
"WHITE EL","MacArthur Park Community","MacArthur Park Community of Schools",0
"WHITE EL VIS ART MAG","","",0
"WHITE MS","Carson Community","Carson Community of Schools",1
"WHITE MS STEAM MAG","","",0
"WHITE POINT EL","San Pedro Community","San Pedro Community of Schools",2
"WHITMAN HS","Fairfax Community","Fairfax Community of Schools",0
"WIDNEY CPTC","Manual Arts/Vermont Square Community","Manual Arts/Vermont Square Community of Schools",0
"WILBUR CEA","Woodland Hills Community","Taft Community of Schools",6
"WILLENBERG SP ED CTR","San Pedro Community","San Pedro Community of Schools",0
"WILLOW EL","South Gate Community","South Gate Community of Schools",2
"WILLOW EL DTS","","",0
"WILMINGTON EEC","Wilmington Community","Wilmington Community of Schools",0
"WILMINGTON PARK EL","","",5
"WILMINGTON PARK SPS","","",0
"WILMINGTON STEAM MAG","","",6
"WILSHIRE CREST EL","LA Mid-City Community","LA Mid-City Community of Schools",1
"WILSHIRE CRST DTS","","",0
"WILSHIRE PARK EL","","",0
"WILSON SH","Lincoln Heights/El Sereno Community","Lincoln Heights/El Sereno Community of Schools",2
"WILSON SH AL MAG","","",1
"WILSON SH FF MAG","","",0
"WILSON SH PA MAG","","",0
"WILSON-LINCOLN CAS"," Community"," Community of Schools",0
"WILTON PL EEC","LA Mid-City Community","LA Mid-City Community of Schools",0
"WILTON PL EL","","",0
"WILTON PL EL DTK","","",0
"WILTON PL EL DTS","","",0
"WINDSOR HILLS EL MAG","Westchester Community","Westchester Community of Schools",3
"WINNETKA AVE EL","Northridge/Reseda Community","Cleveland Community of Schools",2
"WISDOM CSPP","Florence-Firestone/Watts Community","Rivera Community of Schools",0
"WISDOM EL","","",4
"WONDERLAND AVE EL","Hollywood Community","Hollywood Community of Schools",1
"WONDERLAND GIFTED MG","","",0
"WOODCREST EL","Westmont/West Athens Community","H.E.E.T. (W) Community of Schools",1
"WOODEN HS","Northridge/Reseda Community","Cleveland Community of Schools",0
"WOODLAKE ECC","Woodland Hills Community","Taft Community of Schools",2
"WOODLAND HILLS ACAD","","",1
"WOODLAND HILLS CES","","",0
"WOODLAND HLS HUM MAG","","",0
"WOODLAWN AVE EL","Bell/Cudahy/Maywood Community","Bell/Cudahy/Maywood Community of Schools",0
"WOODLAWN AVE EL DTS","","",0
"WRIGHT ENG DES MAG","Westchester Community","Westchester Community of Schools",1
"WRIGHT GIFTED MAG","","",0
"YES ACADEMY","Baldwin Hills/Leimert Park Community","H.E.E.T. (C/D) Community of Schools",0
"YORKDALE EL","Eagle Rock/Highland Park Community","Eagle Rock/Highland Park Community of Schools",0
"YOUNG HS","Baldwin Hills/Leimert Park Community","H.E.E.T. (C/D) Community of Schools",0
"YTH OPP UNLTD ALT HS","South Los Angeles/Watts Community","Fremont Community of Schools",0
